0	OGC:WMS	http://geo.flevoland.nl/ArcGIS/services/Cultuurhist_Archeologie/LCB/MapServer/WMSServer?SERVICE=WMS&REQUEST=GetCapabilities	ad52dd75-3e47-4400-ba73-cfc69ff609d7	400	Bad Request
-	dataset	http://Server=b_geomagazijn; Service=sde:oracle11g:b_geomagazijn; User=geo; Version=SDE.DEFAULT	0ac8a331-d156-4bf0-acaa-c6416c48fd2a	0	Failed to parse: Server=b_geomagazijn; Service=sde:oracle11g:b_geomagazijn; User=geo; Version=SDE.DEFAULT
62	OGC:WMS	http://Server=sde; Service=sde:oracle$sde:oracle11g:geopp; User=milieu; Version=SDE.DEFAULT?SERVICE=WMS&REQUEST=GetCapabilities	c4572f39-f3df-4f0b-a5c3-d47d4f4a1339	0	Failed to parse: Server=sde; Service=sde:oracle$sde:oracle11g:geopp; User=milieu; Version=SDE.DEFAULT
Vaarwegkenmerken in Nederland streefpeil stv	download	http://www.rijkswaterstaat.nl/apps/geoservices/geodata/dmc/vaarweginformatie_nederland/geogegevens/shape	e5be8ee3-2629-4054-8511-a4979f75b8d6	404	Not Found
Omgevingsvisie Compleet	download	http://geodata2.prvgld.nl/metadata/Treeview/Catalogus_Download.html	a6907540-345b-4149-9f7c-688a5f90d76d	502	Proxy Error
-	dataset	http://\\FS_GEO\DATA4\GEO\Projecten\Algemeen\Provinciaalgeoregister\metadata\kopie_PGR_datasets_PNBW.gdb	42a11466-7295-4752-946c-7ea7650e1001	0	URL has an invalid label.
PGR:RECR_Bungalowparken	OGC:WFS	http://geoportaal.fryslan.nl/arcgis/services/ProvinciaalGeoRegister/PGR_features/GeoDataServer/WFSServer?SERVICE=WFS&REQUEST=GetCapabilities	3dd7c059-c03c-4c07-bc3b-c8883607ef3e	 port=80): Read timed out. (read timeout=3)""	))"
Omgevingsvisie Compleet	download	http://geodata2.prvgld.nl/metadata/Treeview/Catalogus_Download.html	62ba6baf-8336-436c-9db5-e7859c3de5d2	502	Proxy Error
PGR:BODEM_LocatiesNazcaI	OGC:WFS	http://geoportaal.fryslan.nl/arcgis/services/ProvinciaalGeoRegister/PGR_features/GeoDataServer/WFSServer?SERVICE=WFS&REQUEST=GetCapabilities	578bd206-e82e-4d2f-a3d7-0bbe84e4526a	 port=80): Read timed out. (read timeout=3)""	))"
Vaarwegkenmerken in Nederland SAB Inzamelpunt (SAB)	download	http://www.rijkswaterstaat.nl/apps/geoservices/geodata/dmc/vaarweginformatie_nederland/geogegevens/shape	095e2554-2623-4a81-8020-a6164c38bd6b	404	Not Found
PGR:CHK2_Wederopbouwwijken	OGC:WFS	http://geoportaal.fryslan.nl/arcgis/services/ProvinciaalGeoRegister/PGR_features/GeoDataServer/WFSServer?SERVICE=WFS&REQUEST=GetCapabilities	674a9c03-dd0f-40fc-9679-14647b210d38	 port=80): Read timed out. (read timeout=3)""	))"
Grondwaterfluctuatiezone	OGC:WMS	http://ags101.prvgld.nl/arcgis/services/PGR_Omgevingvisie/MapServer?SERVICE=WMS&REQUEST=GetCapabilities	afb87b51-5de7-4e07-8dcd-d1563cdefdb9	400	Bad Request
Omgevingsvisie Compleet	download	http://geodata2.prvgld.nl/metadata/Treeview/Catalogus_Download.html	57fa775e-60cf-4202-91b3-bfb4e7209d19	502	Proxy Error
0	OGC:WMS	http://geo-portaal.zuid-holland.nl/arcgis/services/PGR/PGR_Interferentiegebieden/MapServer/WMSServer?SERVICE=WMS&REQUEST=GetCapabilities	8bc8443f-ed70-4232-8740-a52b7da2d2af	404	Service Not Found or Not Started
PGR_Interferentiegebieden:Interferentiegebieden	OGC:WFS	http://geo-portaal.zuid-holland.nl/arcgis/services/PGR/PGR_Interferentiegebieden/MapServer/WFSServer?SERVICE=WFS&REQUEST=GetCapabilities	e423b1f8-fdaa-4550-974f-39b9c21f2fd4	404	Service Not Found or Not Started
markvastrd	OGC:WMS	http://markvastrd?SERVICE=WMS&REQUEST=GetCapabilities	492c02e6-9fa0-4bb0-aadf-1f4f482ed0e1	 gaierror(-2	' ''Name or service not known'')))"'
PGR:BODEM_Depots	OGC:WFS	http://geoportaal.fryslan.nl/arcgis/services/ProvinciaalGeoRegister/PGR_features/GeoDataServer/WFSServer?SERVICE=WFS&REQUEST=GetCapabilities	e407490e-f58e-42ed-8de4-07001057cbb5	 port=80): Read timed out. (read timeout=3)""	))"
JSON Service Feed: Actuele Chlorisiteit - Rijkswaterstaat	application/json	http://www.rijkswaterstaat.nl/apps/geoservices/rwsnl/?mode=features&projecttype=Chlorisiteit	3fcc2b32-60b8-49c4-beba-6cb3816d2e25	400	Bad Request
Waterkwantiteit - Waterstand tov NAP - Rijkswaterstaat geotool	website	http://www.rws.nl/geotool/waterhoogte_tov_nap.aspx	c82e3a89-f4f7-403f-a7cd-fc945de76e92	 port=80): Read timed out. (read timeout=3)""	))"
-	dataset	http://\\Dattero\kgodata\Geo_Data\Metadata\metadata.gdb	5621d3e7-b3b0-4203-a861-500cb9d55025	 gaierror(-2	' ''Name or service not known'')))"'
NL.IMRO.9926.SV1212PRS-VA01/13	OGC:WMS	http://afnemers.ruimtelijkeplannen.nl/vvvp-wms/NL.IMRO.9926.SV1212PRS-VA01?SERVICE=WMS&REQUEST=GetCapabilities	c6c1a687-fda5-498b-9d6f-d38472928a24	 port=80): Read timed out. (read timeout=3)""	))"
Gebiedsschematisatie Lauwersmeer - SIMONA - website	website	http://www.helpdeskwater.nl/onderwerpen/applicaties-modellen/water_en_ruimte/gebiedsschematisatie/schematisaties/@26884/schematisaties/?PagClsIdt=189447#PagCls_189447	00487664-08d7-4166-b026-eec5ac2a281a	404	Not Found
PGR:CollectiefBeheerplan2015	OGC:WFS	http://geoportaal.fryslan.nl/arcgis/services/ProvinciaalGeoRegister/PGR_features/GeoDataServer/WFSServer?SERVICE=WFS&REQUEST=GetCapabilities	6d4d7ae9-5cb4-4f99-8edc-f1e67f3d603b	 port=80): Read timed out. (read timeout=3)""	))"
Kaart 4 Zoekgebied landschapselementen in agrarisch gebied	OGC:WMS	http://geoservices.zuid-holland.nl/arcgis/services/Landelijk_gebied/Landelijk_gebied_NBP/MapServer/WMSServer?SERVICE=WMS&REQUEST=GetCapabilities	0726b550-d5e7-4b09-884e-de92d055f3a8	400	Bad Request
7	OGC:WMS	http://Server=sde; Service=sde:oracle$sde:oracle11g:geopp; User=verkeer; Version=SDE.DEFAULT?SERVICE=WMS&REQUEST=GetCapabilities	249b122a-deaf-440c-91ab-f8f395acb5da	0	Failed to parse: Server=sde; Service=sde:oracle$sde:oracle11g:geopp; User=verkeer; Version=SDE.DEFAULT
Beheertypekaart-Natuur	OGC:WFS	http://62.112.238.40/cgi-bin/mapserver/mapserv.exe?SERVICE=WFS&REQUEST=GetCapabilities	723d4e9c-634f-4dff-81af-258a2a6e1161	 port=80): Max retries exceeded with url: /cgi-bin/mapserver/mapserv.exe?SERVICE=WFS&REQUEST=GetCapabilities (Caused by ConnectTimeoutError(<requests.packages.urllib3.connection.HTTPConnection object at 0x2353750>	' ''Connection to 62.112.238.40 timed out. (connect timeout=3)''))"'
-	dataset	http://Server=skp10.zwolle.intern; Service=5152; User=geo; Version=SDE.DEFAULT	d6060fbb-82fb-48d2-9fdc-69ba26fdaa2a	 gaierror(-2	' ''Name or service not known'')))"'
Vaarwegkenmerken in Nederland ligplaatsen	download	http://www.rijkswaterstaat.nl/apps/geoservices/geodata/dmc/vaarweginformatie_nederland/geogegevens/shape	c03a5c85-097a-4100-b0c6-526930a49d79	404	Not Found
83	OGC:WMS	http://Server=sde; Service=sde:oracle$sde:oracle11g:geopp; User=nat_land; Version=SDE.DEFAULT?SERVICE=WMS&REQUEST=GetCapabilities	ecc91628-a7d9-4168-985a-8a95840bcdad	0	Failed to parse: Server=sde; Service=sde:oracle$sde:oracle11g:geopp; User=nat_land; Version=SDE.DEFAULT
Vaarwegkenmerken in Nederland bruggen	download	http://www.rijkswaterstaat.nl/apps/geoservices/geodata/dmc/vaarweginformatie_nederland/geogegevens/shape	c2e9f686-9d3d-45e7-847a-cabf14bf2027	404	Not Found
vdbgemmaasgouw:laagspanning_ma	OGC:WMS	http://wioninspire.geodan.nl/geoserver/vdbgemmaasgouw/wms?SERVICE=WMS&REQUEST=GetCapabilities	c0a6c377-9814-4cd9-874f-de03067f85a8	503	Service Unavailable
vdbgemmaasgouw:laagspanning_ma	OGC:WFS	http://wioninspire.geodan.nl/geoserver/vdbgemmaasgouw/wfs?SERVICE=WFS&REQUEST=GetCapabilities	bca73df3-7769-4b18-a1d5-710dfaed77af	503	Service Unavailable
vdbgemmaasgouw:laagspanning_ma	OGC:WMS-1.1.1-http-get-map	http://wioninspire.geodan.nl/geoserver/vdbgemmaasgouw/wms?SERVICE=WMS&REQUEST=GetCapabilities	33ef0c7a-9922-45f7-9cea-40d05198adef	503	Service Unavailable
vdbgemmaasgouw:laagspanning_ma	OGC:WMS-1.1.1-http-get-map	http://wioninspire.geodan.nl/geoserver/vdbgemmaasgouw/wms?SERVICE=WMS&REQUEST=GetCapabilities	8fbf7a4c-562f-4a8f-8ac5-e3b0c2abd89a	503	Service Unavailable
PGR:RECR_Snelvaren	OGC:WFS	http://geoportaal.fryslan.nl/arcgis/services/ProvinciaalGeoRegister/PGR_features/GeoDataServer/WFSServer?SERVICE=WFS&REQUEST=GetCapabilities	0418f5dc-1c57-4d1e-856c-58a4c3fbd754	 port=80): Read timed out. (read timeout=3)""	))"
PGR:LANDSCHAP_Landschapstypen	OGC:WFS	http://geoportaal.fryslan.nl/arcgis/services/ProvinciaalGeoRegister/PGR_features/GeoDataServer/WFSServer?SERVICE=WFS&REQUEST=GetCapabilities	57e73164-dc22-48a3-a703-13431fcfb748	 port=80): Read timed out. (read timeout=3)""	))"
-	dataset	http://Server=b_geomagazijn; Service=sde:oracle11g:b_geomagazijn; User=geo; Version=SDE.DEFAULT	743d68c9-1c77-40f2-a2d6-1842f8ff3286	0	Failed to parse: Server=b_geomagazijn; Service=sde:oracle11g:b_geomagazijn; User=geo; Version=SDE.DEFAULT
0	OGC:WMS	http://Server=sde; Service=sde:oracle$sde:oracle11g:geopp; User=verkeer; Version=SDE.DEFAULT?SERVICE=WMS&REQUEST=GetCapabilities	1ed2a301-e853-430e-8990-83659be7eac0	0	Failed to parse: Server=sde; Service=sde:oracle$sde:oracle11g:geopp; User=verkeer; Version=SDE.DEFAULT
omg_verord_bodembescherm_v	OGC:WMS	http://portal.prvlimburg.nl/geoservices/beekdalen_mergelland?SERVICE=WMS&REQUEST=GetCapabilities	cabf89dd-cb84-4797-97ca-757b05ad103c	404	Not Found
omg_verord_bodembescherm_v	OGC:WFS	http://portal.prvlimburg.nl/geoservices/beekdalen_mergelland?SERVICE=WFS&REQUEST=GetCapabilities	446ca758-53cf-4463-b86c-bc1d62991393	404	Not Found
-	dataset	http://Server=b_geomagazijn; Service=sde:oracle11g:b_geomagazijn; User=geo; Version=SDE.DEFAULT	faa3dbcd-f973-49ed-bbe9-2eaf13805b53	0	Failed to parse: Server=b_geomagazijn; Service=sde:oracle11g:b_geomagazijn; User=geo; Version=SDE.DEFAULT
Vaarwegkenmerken in Nederland overige kunstwerken	download	http://www.rijkswaterstaat.nl/apps/geoservices/geodata/dmc/vaarweginformatie_nederland/geogegevens/shape	8b5e7eb5-0e96-444d-b417-e985f6e961c7	404	Not Found
0	OGC:WMS	http://Server=sde; Service=sde:oracle$sde:oracle11g:geopp; User=econ_zaken; Version=SDE.DEFAULT?SERVICE=WMS&REQUEST=GetCapabilities	623cc7ae-28bf-484e-ad89-e60504ea5d2d	0	Failed to parse: Server=sde; Service=sde:oracle$sde:oracle11g:geopp; User=econ_zaken; Version=SDE.DEFAULT
vdbgemmaasgouw:rioolonderdruk_ll	OGC:WMS	http://wioninspire.geodan.nl/geoserver/vdbgemmaasgouw/wms?SERVICE=WMS&REQUEST=GetCapabilities	024f0f3e-214f-4df0-82ce-805580965a78	503	Service Unavailable
vdbgemmaasgouw:rioolonderdruk_ll	OGC:WFS	http://wioninspire.geodan.nl/geoserver/vdbgemmaasgouw/wfs?SERVICE=WFS&REQUEST=GetCapabilities	0ea22da5-b36b-4556-a6ca-99e9ddddbe5b	503	Service Unavailable
vdbgemmaasgouw:rioolonderdruk_ll	OGC:WMS-1.1.1-http-get-map	http://wioninspire.geodan.nl/geoserver/vdbgemmaasgouw/wms?SERVICE=WMS&REQUEST=GetCapabilities	538bc526-2597-4e65-b20e-dd2640204c1a	503	Service Unavailable
vdbgemmaasgouw:rioolonderdruk_ll	OGC:WMS-1.1.1-http-get-map	http://wioninspire.geodan.nl/geoserver/vdbgemmaasgouw/wms?SERVICE=WMS&REQUEST=GetCapabilities	79a1e13d-b2d9-4d5e-8928-9663e8806048	503	Service Unavailable
15	OGC:WMS	http://Server=local_oracle; Service=sde:oracle11g:/;local=geopp; User=nat_land; Version=SDE.DEFAULT?SERVICE=WMS&REQUEST=GetCapabilities	84499597-ccc2-4362-91d0-f91abedce821	0	Failed to parse: Server=local_oracle; Service=sde:oracle11g:
-	dataset	http://\\Dattero\kgodata\Geo_Data\Metadata\metadata.gdb	58cde48e-1565-4e14-b692-ea7fc3c7b982	 gaierror(-2	' ''Name or service not known'')))"'
PGR:CHK2_Zuivelfabrieken_Details	OGC:WFS	http://geoportaal.fryslan.nl/arcgis/services/ProvinciaalGeoRegister/PGR_features/GeoDataServer/WFSServer?SERVICE=WFS&REQUEST=GetCapabilities	c84d18de-0b2e-40a0-bb21-e8f84b90a8cc	 port=80): Read timed out. (read timeout=3)""	))"
-	dataset	http://\\Dattero\kgodata\Geo_Data\Metadata\metadata.gdb	917dca5f-11ed-4f0b-ab1d-4f9c803c75c5	 gaierror(-2	' ''Name or service not known'')))"'
Vaarwegkenmerken in Nederland waterstand tov NAP	download	http://www.rijkswaterstaat.nl/apps/geoservices/geodata/dmc/vaarweginformatie_nederland/geogegevens/shape	e2923e59-0eb9-4a19-b124-b54ef9980585	404	Not Found
79	OGC:WMS	http://Server=sde; Service=sde:oracle$sde:oracle11g:geopp; User=milieu; Version=SDE.DEFAULT?SERVICE=WMS&REQUEST=GetCapabilities	842524cd-3e84-479b-b8b2-5dfa0f666cdb	0	Failed to parse: Server=sde; Service=sde:oracle$sde:oracle11g:geopp; User=milieu; Version=SDE.DEFAULT
Omgevingsvisie Compleet	download	http://geodata2.prvgld.nl/metadata/Treeview/Catalogus_Download.html	bebbd7df-7dd4-461c-8389-76f5d28d3fae	502	Proxy Error
Omgevingsvisie Compleet	download	http://geodata2.prvgld.nl/metadata/Treeview/Catalogus_Download.html	f47a392d-5f41-40fb-83ea-4be8977efc4a	502	Proxy Error
PGR:CHK_Histgeo_KruinigePercelen	OGC:WFS	http://geoportaal.fryslan.nl/arcgis/services/ProvinciaalGeoRegister/PGR_features/GeoDataServer/WFSServer?SERVICE=WFS&REQUEST=GetCapabilities	1cdef6d0-b6d7-424c-b338-03575576a0d4	 port=80): Read timed out. (read timeout=3)""	))"
Gebiedsschematisatie DCSM - SWAN - website	website	http://www.helpdeskwater.nl/onderwerpen/applicaties-modellen/water_en_ruimte/gebiedsschematisatie/schematisaties/@26884/schematisaties/?PagClsIdt=292853#PagCls_292853	e9ed8861-7e6f-4bc6-aa4d-38068d04da38	404	Not Found
Gebiedsschematisatie DCSM - SIMONA - website	website	http://www.helpdeskwater.nl/onderwerpen/applicaties-modellen/water_en_ruimte/gebiedsschematisatie/schematisaties/@26884/schematisaties/?PagClsIdt=189439#PagCls_189439	a5705b5d-5cd5-4b00-944a-be0fdad3ed6b	404	Not Found
PGR:INDUSTRIE_Bedrijventerreinen	OGC:WFS	http://geoportaal.fryslan.nl/arcgis/services/ProvinciaalGeoRegister/PGR_features/GeoDataServer/WFSServer?SERVICE=WFS&REQUEST=GetCapabilities	6ee30cbc-645d-46f4-b6e9-4d7ff8b04d96	 port=80): Read timed out. (read timeout=3)""	))"
81	OGC:WMS	http://Server=sde; Service=sde:oracle$sde:oracle11g:geopp; User=verkeer; Version=SDE.DEFAULT?SERVICE=WMS&REQUEST=GetCapabilities	395591b6-778b-4729-99ca-f988ea649008	0	Failed to parse: Server=sde; Service=sde:oracle$sde:oracle11g:geopp; User=verkeer; Version=SDE.DEFAULT
Astronomische getijextremen rijkswateren	dataset	http://live.getij.nl/wsgetij/hwlw.php	d6bfd145-3247-4351-8c11-375ce634fc0e	 gaierror(-2	' ''Name or service not known'')))"'
PGR:CHK2_StinzenStates	OGC:WFS	http://geoportaal.fryslan.nl/arcgis/services/ProvinciaalGeoRegister/PGR_features/GeoDataServer/WFSServer?SERVICE=WFS&REQUEST=GetCapabilities	5a3e3f41-035b-42c0-8f1a-c73dbb2050a7	 port=80): Read timed out. (read timeout=3)""	))"
PGR:RECR_HistorischeWandelpaden	OGC:WFS	http://geoportaal.fryslan.nl/arcgis/services/ProvinciaalGeoRegister/PGR_features/GeoDataServer/WFSServer?SERVICE=WFS&REQUEST=GetCapabilities	6567ca34-5d54-47b7-b13f-4801199021ef	 port=80): Read timed out. (read timeout=3)""	))"
Omgevingsvisie Compleet	download	http://geodata2.prvgld.nl/metadata/Treeview/Catalogus_Download.html	091feab7-311b-492e-a32b-dc957ae001cc	502	Proxy Error
PGR:RECR_Dagrecreatie	OGC:WFS	http://geoportaal.fryslan.nl/arcgis/services/ProvinciaalGeoRegister/PGR_features/GeoDataServer/WFSServer?SERVICE=WFS&REQUEST=GetCapabilities	85ccd9fd-159e-4dd5-ad9f-49e2523adc35	 port=80): Read timed out. (read timeout=3)""	))"
-	dataset	http://Server=b_geomagazijn; Service=sde:oracle11g:b_geomagazijn; User=geo; Version=SDE.DEFAULT	b3bf1605-0eec-44f4-ada1-822f78925a35	0	Failed to parse: Server=b_geomagazijn; Service=sde:oracle11g:b_geomagazijn; User=geo; Version=SDE.DEFAULT
-	dataset	http://Server=b_geomagazijn; Service=sde:oracle11g:b_geomagazijn; User=geo; Version=SDE.DEFAULT	bf3c5cad-2ec4-4371-8d6c-02ffc2fd61ed	0	Failed to parse: Server=b_geomagazijn; Service=sde:oracle11g:b_geomagazijn; User=geo; Version=SDE.DEFAULT
PGR:CHK_OPNW_Workshop_l	OGC:WFS	http://geoportaal.fryslan.nl/arcgis/services/ProvinciaalGeoRegister/PGR_features/GeoDataServer/WFSServer?SERVICE=WFS&REQUEST=GetCapabilities	6f21f8c4-c927-4357-b2c7-2b3d15360a33	 port=80): Read timed out. (read timeout=3)""	))"
Gebiedsschematisatie Grevelingen Fijn - SIMONA - website	website	http://www.helpdeskwater.nl/onderwerpen/applicaties-modellen/water_en_ruimte/gebiedsschematisatie/schematisaties/@26884/schematisaties/?PagClsIdt=189440#PagCls_189440	cc606f91-33fc-4128-8c12-3edcffb8c9b5	404	Not Found
Gebiedsschematisatie Grevelingen GROF - SIMONA - website	website	http://www.helpdeskwater.nl/onderwerpen/applicaties-modellen/water_en_ruimte/gebiedsschematisatie/schematisaties/@26884/schematisaties/?PagClsIdt=189441#PagCls_189441	4689ffdd-c647-46c4-afe7-d4d09429ee7a	404	Not Found
PGR:MILIEU_GK2012_ContourNacht	OGC:WFS	http://geoportaal.fryslan.nl/arcgis/services/ProvinciaalGeoRegister/PGR_features/GeoDataServer/WFSServer?SERVICE=WFS&REQUEST=GetCapabilities	b558d71f-0328-4cb3-8aa2-f27f4d682f07	 port=80): Read timed out. (read timeout=3)""	))"
NL.IMRO.9926.SV1212PRS-VA01/1	OGC:WMS	http://afnemers.ruimtelijkeplannen.nl/vvvp-wms/NL.IMRO.9926.SV1212PRS-VA01?SERVICE=WMS&REQUEST=GetCapabilities	7e80aa4b-2397-432e-b0d9-a9fd896d1f35	 port=80): Read timed out. (read timeout=3)""	))"
-	dataset	http://\\Dattero\kgodata\Geo_Data\Metadata\metadata.gdb	3edc67c3-0458-415b-be90-57fbc3cf534f	 gaierror(-2	' ''Name or service not known'')))"'
PGR:CHK_Histgeo_VerlatenKerkhoven	OGC:WFS	http://geoportaal.fryslan.nl/arcgis/services/ProvinciaalGeoRegister/PGR_features/GeoDataServer/WFSServer?SERVICE=WFS&REQUEST=GetCapabilities	caa43b8e-6f75-4741-a452-21e5b1ee8ebc	 port=80): Read timed out. (read timeout=3)""	))"
PGR:NATUUR_EVZ_2006	OGC:WFS	http://geoportaal.fryslan.nl/arcgis/services/ProvinciaalGeoRegister/PGR_features/GeoDataServer/WFSServer?SERVICE=WFS&REQUEST=GetCapabilities	459a55bf-fec5-4456-a32c-4c879e6f02d5	 port=80): Read timed out. (read timeout=3)""	))"
-	dataset	http://\\Dattero\kgodata\Geo_Data\Metadata\metadata.gdb	841c3539-e14c-4be4-94fb-9c61ba1bd2c0	 gaierror(-2	' ''Name or service not known'')))"'
Omgevingsvisie Compleet	download	http://geodata2.prvgld.nl/metadata/Treeview/Catalogus_Download.html	987d591e-adab-467d-ac0d-34f9d24fc96c	502	Proxy Error
PGR:LANDBOUW_WAV_PS17sept2008D	OGC:WFS	http://geoportaal.fryslan.nl/arcgis/services/ProvinciaalGeoRegister/PGR_features/GeoDataServer/WFSServer?SERVICE=WFS&REQUEST=GetCapabilities	15675e48-fc75-46a1-a072-0fc0ffc6cd5e	 port=80): Read timed out. (read timeout=3)""	))"
Gebiedsschematisatie Kuststrook FIJN- SIMONA - website	website	http://www.helpdeskwater.nl/onderwerpen/applicaties-modellen/water_en_ruimte/gebiedsschematisatie/schematisaties/@26884/schematisaties/?PagClsIdt=189443#PagCls_189443	65f4d01a-337c-4e54-821d-e9e853b4cc27	404	Not Found
Gebiedsschematisatie Kuststrook GROF- SIMONA - website	website	http://www.helpdeskwater.nl/onderwerpen/applicaties-modellen/water_en_ruimte/gebiedsschematisatie/schematisaties/@26884/schematisaties/?PagClsIdt=189444#PagCls_189444	0b49953f-f06e-408d-b490-f84cb8005df6	404	Not Found
Gebiedsschematisatie Kust zuid 2004 v3 - SIMONA - website	website	http://www.helpdeskwater.nl/onderwerpen/applicaties-modellen/water_en_ruimte/gebiedsschematisatie/schematisaties/@26884/schematisaties/?PagClsIdt=189445#PagCls_189445	41bcd05e-e451-46bf-81a4-697e60b483a0	404	Not Found
Gebiedsschematisatie Kust zuid 2004 v4 - SIMONA - website	website	http://www.helpdeskwater.nl/onderwerpen/applicaties-modellen/water_en_ruimte/gebiedsschematisatie/schematisaties/@26884/schematisaties/?PagClsIdt=189446#PagCls_189446	742fc027-8865-4e3d-9179-4bcee3132189	404	Not Found
NL.IMRO.9926.SV1212PRS-VA01/5	OGC:WMS	http://afnemers.ruimtelijkeplannen.nl/vvvp-wms/NL.IMRO.9926.SV1212PRS-VA01?SERVICE=WMS&REQUEST=GetCapabilities	ff45dad0-220a-4cbe-b3c9-9bbee1527a65	 port=80): Read timed out. (read timeout=3)""	))"
PGR:RECR_Dagattracties	OGC:WFS	http://geoportaal.fryslan.nl/arcgis/services/ProvinciaalGeoRegister/PGR_features/GeoDataServer/WFSServer?SERVICE=WFS&REQUEST=GetCapabilities	9a928979-5bb7-4027-b040-02fa010dd85a	 port=80): Read timed out. (read timeout=3)""	))"
	OGC:WMS	http://Server=sde; Service=sde:oracle$sde:oracle11g:geopp; User=verkeer; Version=SDE.DEFAULT?SERVICE=WMS&REQUEST=GetCapabilities	839be67e-468b-424b-9e7a-72a4a9981321	0	Failed to parse: Server=sde; Service=sde:oracle$sde:oracle11g:geopp; User=verkeer; Version=SDE.DEFAULT
PGR:CHK2_Nederzettingen	OGC:WFS	http://geoportaal.fryslan.nl/arcgis/services/ProvinciaalGeoRegister/PGR_features/GeoDataServer/WFSServer?SERVICE=WFS&REQUEST=GetCapabilities	c7cb1137-3800-466e-88ed-930e40ea7cf2	 port=80): Read timed out. (read timeout=3)""	))"
0	OGC:WMS	http://geoservices.provincie-utrecht.nl/arcgis/services/b01-5-4_vergunningeN/MapServer/WMSServer?SERVICE=WMS&REQUEST=GetCapabilities	35d958f6-d942-421a-83d0-fcd700f82a51	400	Bad Request
1	OGC:WMS	http://geoservices.provincie-utrecht.nl/arcgis/services/b01-5-4_vergunningeN/MapServer/WMSServer?SERVICE=WMS&REQUEST=GetCapabilities	db8fea4e-c40e-4309-8312-ab0fa9c063ad	400	Bad Request
2	OGC:WMS	http://geoservices.provincie-utrecht.nl/arcgis/services/b01-5-4_vergunningeN/MapServer/WMSServer?SERVICE=WMS&REQUEST=GetCapabilities	4a659124-c484-46da-82b0-370a45ac512e	400	Bad Request
3	OGC:WMS	http://geoservices.provincie-utrecht.nl/arcgis/services/b01-5-4_vergunningeN/MapServer/WMSServer?SERVICE=WMS&REQUEST=GetCapabilities	b45b843d-7631-4a77-8b65-5a66d7058532	400	Bad Request
4	OGC:WMS	http://geoservices.provincie-utrecht.nl/arcgis/services/b01-5-4_vergunningeN/MapServer/WMSServer?SERVICE=WMS&REQUEST=GetCapabilities	e27e08f1-1bfe-4d58-8202-9681e84dcc87	400	Bad Request
5	OGC:WMS	http://geoservices.provincie-utrecht.nl/arcgis/services/b01-5-4_vergunningeN/MapServer/WMSServer?SERVICE=WMS&REQUEST=GetCapabilities	957da89f-a1e8-4789-bf45-f841b2ace8a3	400	Bad Request
Bestaand stads- en dorpsgebied	OGC:WMS	http://geoservices.zuid-holland.nl/arcgis/services/wonen/Wonen/MapServer/WMSServer?SERVICE=WMS&REQUEST=GetCapabilities	7dc65f40-a7f0-47d0-9797-2aa173745eb2	400	Bad Request
wonen_Wonen_WFS:Bestaand_stads-_en_dorpsgebied	OGC:WFS	http://geoservices.zuid-holland.nl/arcgis/services/wonen/Wonen_WFS/MapServer/WFSServer?SERVICE=WFS&REQUEST=GetCapabilities	a0cc53ca-91ca-4357-9ed1-49a268d19fe3	400	Bad Request
Omgevingsvisie Compleet	download	http://geodata2.prvgld.nl/metadata/Treeview/Catalogus_Download.html	6e39e7b9-d7ef-445c-9fb2-bf0502cf34bc	502	Proxy Error
Vaarwegkenmerken in Nederland LRG-trajecten	download	http://www.rijkswaterstaat.nl/apps/geoservices/geodata/dmc/vaarweginformatie_nederland/geogegevens/shape	d7078dd2-c214-493d-931d-f673e4c5598e	404	Not Found
PGR:WATER_Dieptemetingen	OGC:WFS	http://geoportaal.fryslan.nl/arcgis/services/ProvinciaalGeoRegister/PGR_features/GeoDataServer/WFSServer?SERVICE=WFS&REQUEST=GetCapabilities	34ea459c-a976-4bd8-9713-eaef18cd1b3e	 port=80): Read timed out. (read timeout=3)""	))"
PGR:MILIEU_GK2012_ContourEtmaal	OGC:WFS	http://geoportaal.fryslan.nl/arcgis/services/ProvinciaalGeoRegister/PGR_features/GeoDataServer/WFSServer?SERVICE=WFS&REQUEST=GetCapabilities	558764e7-d8a1-4c40-ac15-1198ad7ee00d	 port=80): Read timed out. (read timeout=3)""	))"
Gebiedsschematisatie Markermeer IJsselmeer j06_09_v01 - HABITAT - website	website	http://www.helpdeskwater.nl/publish/pages/22751/1209459-001-zks-0005-m-habitat_ijsselmeer-markermeer_j06-09_v01_m.pdf	571d1cd2-1107-4af7-bbb5-ebb099475211	404	Not Found
Gebiedsschematisatie Markermeer - SIMONA - website	website	http://www.helpdeskwater.nl/onderwerpen/applicaties-modellen/water_en_ruimte/gebiedsschematisatie/schematisaties/@26884/schematisaties/?PagClsIdt=189449#PagCls_189449	8afdf553-8526-48f7-b9bc-4e729ce747c3	404	Not Found
Omgevingsvisie Compleet	download	http://geodata2.prvgld.nl/metadata/Treeview/Catalogus_Download.html	49c2b012-7284-4eea-99b3-da3058a2ca8c	502	Proxy Error
-	dataset	http://\\FS-OES-GEOP01\DATA4\GEO\Projecten\Algemeen\Provinciaalgeoregister\metadata\kopie_PGR_datasets_PNBW.gdb	f21b0ae2-90a3-4905-b21d-01aa37e04138	0	URL has an invalid label.
PGR:RECR_Groepsaccommodaties	OGC:WFS	http://geoportaal.fryslan.nl/arcgis/services/ProvinciaalGeoRegister/PGR_features/GeoDataServer/WFSServer?SERVICE=WFS&REQUEST=GetCapabilities	6c5f7418-397c-4b8d-93b5-ed7a06dcfba7	 port=80): Read timed out. (read timeout=3)""	))"
21	OGC:WMS	http://geoservices.provincie-utrecht.nl/arcgis/services/m01-4_overlast_hinder_mgkp/MapServer?SERVICE=WMS&REQUEST=GetCapabilities	43435e04-4fdb-4e57-a220-cf9bb995bf7f	400	Bad Request
PGR:LandschapsZoekGebied2014	OGC:WFS	http://geoportaal.fryslan.nl/arcgis/services/ProvinciaalGeoRegister/PGR_features/GeoDataServer/WFSServer?SERVICE=WFS&REQUEST=GetCapabilities	e5397da0-1809-4c08-8419-a5ddaab01818	 port=80): Read timed out. (read timeout=3)""	))"
-	download	http://Service=sde:oracle11g:/;LOCAL=gisbasip; User=b4; Version=SDE.DEFAULT	ac1f51b0-c4f3-48ad-85d1-bfa3b3b00087	0	Failed to parse: Service=sde:oracle11g:
Omgevingsvisie Compleet	download	http://geodata2.prvgld.nl/metadata/Treeview/Catalogus_Download.html	934dd9b7-f3d3-498a-801f-475f7a6594c5	502	Proxy Error
0	OGC:WMS	http://geoservices.provincie-utrecht.nl:6080/arcgis/services/b01_5_4_vergunningen/MapServer/WMSServer?SERVICE=WMS&REQUEST=GetCapabilities	e378acee-8280-471f-9d82-92009086f9f7	 port=6080): Max retries exceeded with url: /arcgis/services/b01_5_4_vergunningen/MapServer/WMSServer?SERVICE=WMS&REQUEST=GetCapabilities (Caused by ConnectTimeoutError(<requests.packages.urllib3.connection.HTTPConnection object at 0x2354cd0>	' ''Connection to geoservices.provincie-utrecht.nl timed out. (connect timeout=3)''))"'
PGR:CHK_Histgeo_Dijkdoorbraken	OGC:WFS	http://geoportaal.fryslan.nl/arcgis/services/ProvinciaalGeoRegister/PGR_features/GeoDataServer/WFSServer?SERVICE=WFS&REQUEST=GetCapabilities	aad47303-f221-4ad2-b8a9-4934fcbf2121	 port=80): Read timed out. (read timeout=3)""	))"
PGR:CHK_Aardkunde_Esdekken	OGC:WFS	http://geoportaal.fryslan.nl/arcgis/services/ProvinciaalGeoRegister/PGR_features/GeoDataServer/WFSServer?SERVICE=WFS&REQUEST=GetCapabilities	655bd86b-f928-4c9d-9ac5-4c4b82060c63	 port=80): Read timed out. (read timeout=3)""	))"
-	dataset	http://Server=sde; Service=sde:oracle$sde:oracle11g:geopp; User=verkeer; Version=SDE.DEFAULT	9a17a0ae-0448-4790-935e-95446ab10cfc	0	Failed to parse: Server=sde; Service=sde:oracle$sde:oracle11g:geopp; User=verkeer; Version=SDE.DEFAULT
PGR:CHK_Histgeo_Kleiwinning	OGC:WFS	http://geoportaal.fryslan.nl/arcgis/services/ProvinciaalGeoRegister/PGR_features/GeoDataServer/WFSServer?SERVICE=WFS&REQUEST=GetCapabilities	8f881252-2d03-4950-b14a-c7986202c9c8	 port=80): Read timed out. (read timeout=3)""	))"
PGR:CHK_Histgeo_Petgaten	OGC:WFS	http://geoportaal.fryslan.nl/arcgis/services/ProvinciaalGeoRegister/PGR_features/GeoDataServer/WFSServer?SERVICE=WFS&REQUEST=GetCapabilities	3717f28d-0c3a-46dc-9cde-4e5d454410ce	 port=80): Read timed out. (read timeout=3)""	))"
Vaarwegkenmerken in Nederland trajectbeheer	download	http://www.rijkswaterstaat.nl/apps/geoservices/geodata/dmc/vaarweginformatie_nederland/geogegevens/shape	1197ee08-13fb-4158-a77d-a5f0c2b57e93	404	Not Found
Gebiedsschematisatie Volkerak Zoommeer fijn - SIMONA - website	website	http://www.helpdeskwater.nl/onderwerpen/applicaties-modellen/water_en_ruimte/gebiedsschematisatie/schematisaties/@26884/schematisaties/?PagClsIdt=189457#PagCls_189457	93758eb9-fea9-472c-88ad-5bad2f7e3ded	404	Not Found
Gebiedsschematisatie Volkerak Zoommeer grof - SIMONA - website	website	http://www.helpdeskwater.nl/onderwerpen/applicaties-modellen/water_en_ruimte/gebiedsschematisatie/schematisaties/@26884/schematisaties/?PagClsIdt=189458#PagCls_189458	3ce9fb01-4ba0-4dcb-967e-8b2a42784902	404	Not Found
PGR:BeheerGebiedAmbitie2015	OGC:WFS	http://geoportaal.fryslan.nl/arcgis/services/ProvinciaalGeoRegister/PGR_features/GeoDataServer/WFSServer?SERVICE=WFS&REQUEST=GetCapabilities	8eeda279-4e70-4d60-8dbe-3fe789191f61	 port=80): Read timed out. (read timeout=3)""	))"
PGR:CHK2_Bodembeschermingsgebieden	OGC:WFS	http://geoportaal.fryslan.nl/arcgis/services/ProvinciaalGeoRegister/PGR_features/GeoDataServer/WFSServer?SERVICE=WFS&REQUEST=GetCapabilities	43603493-d2ae-4e2a-a785-97d8d96cb28b	 port=80): Read timed out. (read timeout=3)""	))"
PGR:WATER_Wetternammen_p	OGC:WFS	http://geoportaal.fryslan.nl/arcgis/services/ProvinciaalGeoRegister/PGR_features/GeoDataServer/WFSServer?SERVICE=WFS&REQUEST=GetCapabilities	69c2564b-23e1-4315-be76-73d8ed427b17	 port=80): Read timed out. (read timeout=3)""	))"
-	dataset	http://Server=b_geomagazijn; Service=sde:oracle11g:b_geomagazijn; User=geo; Version=SDE.DEFAULT	4285e0ca-c84a-438a-b357-e9742c4498a6	0	Failed to parse: Server=b_geomagazijn; Service=sde:oracle11g:b_geomagazijn; User=geo; Version=SDE.DEFAULT
PGR:RECR_Trailerhellingen	OGC:WFS	http://geoportaal.fryslan.nl/arcgis/services/ProvinciaalGeoRegister/PGR_features/GeoDataServer/WFSServer?SERVICE=WFS&REQUEST=GetCapabilities	8268e6c3-b224-48a0-a31f-adffed5c21ac	 port=80): Read timed out. (read timeout=3)""	))"
PGR:RECR_Campings	OGC:WFS	http://geoportaal.fryslan.nl/arcgis/services/ProvinciaalGeoRegister/PGR_features/GeoDataServer/WFSServer?SERVICE=WFS&REQUEST=GetCapabilities	241dc903-db9a-4841-abf3-1c7f27a7c9c3	 port=80): Read timed out. (read timeout=3)""	))"
-	dataset	http://Server=sde; Service=sde:oracle$sde:oracle11g:geopp; User=nat_land; Version=SDE.DEFAULT	00f24c2b-930b-4aba-ba2e-1e5c63b604d4	0	Failed to parse: Server=sde; Service=sde:oracle$sde:oracle11g:geopp; User=nat_land; Version=SDE.DEFAULT
0	OGC:WMS	http://geo.flevoland.nl/ArcGIS/services/Cultuurhist_Archeologie/LCK/MapServer/WMSServer?SERVICE=WMS&REQUEST=GetCapabilities	dc191467-7a9e-4814-964e-88a545ed0cc7	400	Bad Request
wfs_v01_verkeer_vervoer_infrastructuur:fc_carpoolplaatsen	OGC:WFS	http://Server=sde; Service=sde:oracle$sde:oracle11g:geopp; User=verkeer; Version=SDE.DEFAULT?SERVICE=WFS&REQUEST=GetCapabilities	c835351a-b30b-43c7-924f-0a2ad7828468	0	Failed to parse: Server=sde; Service=sde:oracle$sde:oracle11g:geopp; User=verkeer; Version=SDE.DEFAULT
M11M0605	OGC:WMS	http://www.gdngeoservices.nl/wms/dinomap/M11M0605?SERVICE=WMS&REQUEST=GetCapabilities	32b5630d-a009-4cdb-95c5-78bb6ba34685	 port=80): Read timed out. (read timeout=3)""	))"
-	dataset	http://Server=b_geomagazijn; Service=sde:oracle11g:b_geomagazijn; User=geo; Version=SDE.DEFAULT	af4bf335-9aa8-427f-aa6a-9d8b29a124c7	0	Failed to parse: Server=b_geomagazijn; Service=sde:oracle11g:b_geomagazijn; User=geo; Version=SDE.DEFAULT
Gebiedsschematisatie RijnMaasMonding 2004_v1 - SIMONA - website	website	http://www.helpdeskwater.nl/onderwerpen/applicaties-modellen/water_en_ruimte/gebiedsschematisatie/schematisaties/@26884/schematisaties/?PagClsIdt=189450#PagCls_189450	813db294-976b-4a00-b644-1ba58d10ecb9	404	Not Found
Gebiedsschematisatie RijnMaasMonding 2000_v8 - SIMONA - website	website	http://www.helpdeskwater.nl/onderwerpen/applicaties-modellen/water_en_ruimte/gebiedsschematisatie/schematisaties/@26884/schematisaties/?PagClsIdt=189456#PagCls_189456	7778fc39-6bd6-42dd-a259-62f09b831419	404	Not Found
40	OGC:WMS	http://Server=sde; Service=sde:oracle$sde:oracle11g:geop; User=milieu; Version=SDE.DEFAULT?SERVICE=WMS&REQUEST=GetCapabilities	93cb3ac3-acf0-4603-84dc-aefbd76107e5	0	Failed to parse: Server=sde; Service=sde:oracle$sde:oracle11g:geop; User=milieu; Version=SDE.DEFAULT
inventarisatie2013	OGC:WMS	http://acg-prd:9093/geoserver/asbestscholenkaart/wms?SERVICE=WMS&REQUEST=GetCapabilities	686b8c65-a228-4dd0-af81-13fdadfc3daa	 gaierror(-2	' ''Name or service not known'')))"'
76	OGC:WMS	http://geoservices.provincie-utrecht.nl/arcgis/services/m01-4_overlast_hinder_mgkp/MapServer?SERVICE=WMS&REQUEST=GetCapabilities	3ec67284-b4ef-4d1a-9265-a3f16edfa29c	400	Bad Request
PGR:CHK2_Verkaveling	OGC:WFS	http://geoportaal.fryslan.nl/arcgis/services/ProvinciaalGeoRegister/PGR_features/GeoDataServer/WFSServer?SERVICE=WFS&REQUEST=GetCapabilities	39e609eb-5ced-4bf4-bd7e-b08b8c669f2e	 port=80): Read timed out. (read timeout=3)""	))"
Omgevingsvisie Compleet	download	http://geodata2.prvgld.nl/metadata/Treeview/Catalogus_Download.html	f2c5c49c-f52f-4d77-ae4b-8bb85d23f589	502	Proxy Error
Vaarwegkenmerken in Nederland vaarweg karakter - download	download	http://www.rijkswaterstaat.nl/apps/geoservices/geodata/dmc/vaarweginformatie_nederland/geogegevens/shape	d214a2cd-e3ed-49a4-80a3-c2868a489c7a	404	Not Found
17	OGC:WMS	http://Server=local_oracle; Service=sde:oracle11g:/;local=geopp; User=nat_land; Version=SDE.DEFAULT?SERVICE=WMS&REQUEST=GetCapabilities	6f838d66-1ea5-434f-8d60-bf16c55f3abe	0	Failed to parse: Server=local_oracle; Service=sde:oracle11g:
1	OGC:WMS	http://geoservices.provincie-utrecht.nl/arcgis/services/m01-2_bodem/MapServer/WMSServer?SERVICE=WMS&REQUEST=GetCapabilities	240a3466-eb64-40e7-af98-a3c6b1861f84	 port=80): Read timed out. (read timeout=3)""	))"
Omgevingsvisie Compleet	download	http://geodata2.prvgld.nl/metadata/Treeview/Catalogus_Download.html	d3a22922-36d3-47bf-a176-83542d7d91be	502	Proxy Error
PGR:CHK_Histgeo_Jaagpaden	OGC:WFS	http://geoportaal.fryslan.nl/arcgis/services/ProvinciaalGeoRegister/PGR_features/GeoDataServer/WFSServer?SERVICE=WFS&REQUEST=GetCapabilities	a89b6909-c712-4867-baf2-1cec9940bc3e	 port=80): Read timed out. (read timeout=3)""	))"
-	dataset	http://geoservices.provincie-utrecht.nl/arcgis/services/w01-2_grondwatersysteembenadering/MapServer/WMSServer	47f50cc8-fba6-437a-9ee6-f54186f4da0c	 port=80): Read timed out. (read timeout=3)""	))"
CBS bevolkingskernen 2011	INSPIRE Atom	http://geodata.nationaalgeoregister.nl/bevolkingskernen2011/atom/bevolkingskernen2011.xml	04841bcd-d394-4338-af46-de190be783e2	501	Not Implemented
PGR:RECR_Hotels	OGC:WFS	http://geoportaal.fryslan.nl/arcgis/services/ProvinciaalGeoRegister/PGR_features/GeoDataServer/WFSServer?SERVICE=WFS&REQUEST=GetCapabilities	d2924a60-2b22-4c6d-8767-429fbf2f3600	 port=80): Read timed out. (read timeout=3)""	))"
vdbgemmaasgouw:laagspanning_ll	OGC:WMS	http://wioninspire.geodan.nl/geoserver/vdbgemmaasgouw/wms?SERVICE=WMS&REQUEST=GetCapabilities	d6ab1187-14b4-4267-ae81-65389695018f	503	Service Unavailable
vdbgemmaasgouw:laagspanning_ll	OGC:WFS	http://wioninspire.geodan.nl/geoserver/vdbgemmaasgouw/wfs?SERVICE=WFS&REQUEST=GetCapabilities	44b8c612-c428-4d3f-a7ef-5c26cd6aecb0	503	Service Unavailable
vdbgemmaasgouw:laagspanning_ll	OGC:WMS-1.1.1-http-get-map	http://wioninspire.geodan.nl/geoserver/vdbgemmaasgouw/wms?SERVICE=WMS&REQUEST=GetCapabilities	041d328e-b359-4252-81e5-d4ac88f68654	503	Service Unavailable
vdbgemmaasgouw:laagspanning_ll	OGC:WMS-1.1.1-http-get-map	http://wioninspire.geodan.nl/geoserver/vdbgemmaasgouw/wms?SERVICE=WMS&REQUEST=GetCapabilities	4bdf80cc-eed6-4f9f-9643-43ac43e269e7	503	Service Unavailable
Omgevingsvisie Compleet	download	http://geodata2.prvgld.nl/metadata/Treeview/Catalogus_Download.html	8e1e1eea-2c06-4b19-a572-5b999af70639	502	Proxy Error
Vaarwegkenmerken in Nederland MTA	download	http://www.rijkswaterstaat.nl/apps/geoservices/geodata/dmc/vaarweginformatie_nederland/geogegevens/shape	f7ffcfb1-9284-4f91-bba8-3de972adabaa	404	Not Found
PGR:CHK2_Boerderijplaatsen	OGC:WFS	http://geoportaal.fryslan.nl/arcgis/services/ProvinciaalGeoRegister/PGR_features/GeoDataServer/WFSServer?SERVICE=WFS&REQUEST=GetCapabilities	44c7fdfe-ddc0-4fb0-ad8d-3fe6a1566f93	 port=80): Read timed out. (read timeout=3)""	))"
Gebiedsschematisatie IJmond - SWAN - website	website	http://www.helpdeskwater.nl/onderwerpen/applicaties-modellen/water_en_ruimte/gebiedsschematisatie/schematisaties/@26884/schematisaties/?PagClsIdt=285859#PagCls_285859	f6a1e0c7-197e-4794-a9b3-76b2d913adb2	404	Not Found
Gebiedsschematisatie IJmond - DELFT3D - website	website	http://www.helpdeskwater.nl/onderwerpen/applicaties-modellen/water_en_ruimte/gebiedsschematisatie/schematisaties/@26884/schematisaties/?PagClsIdt=285855#PagCls_285855	34984bcd-8801-4aea-8f6d-b7395c6e590c	404	Not Found
Gebiedsschematisatie IJmond - LW PHAROS - website	website	http://www.helpdeskwater.nl/onderwerpen/applicaties-modellen/water_en_ruimte/gebiedsschematisatie/schematisaties/@26884/schematisaties/?PagClsIdt=285857#PagCls_285857	b984e29e-900a-42eb-914b-54b0684a77e5	404	Not Found
Gebiedsschematisatie IJmond - SE PHAROS - website	website	http://www.helpdeskwater.nl/onderwerpen/applicaties-modellen/water_en_ruimte/gebiedsschematisatie/schematisaties/@26884/schematisaties/?PagClsIdt=285856#PagCls_285856	9dd21cc6-32f8-4215-bc0f-f32de08bc2d1	404	Not Found
Gebiedsschematisatie IJmond - SW PHAROS - website	website	http://www.helpdeskwater.nl/onderwerpen/applicaties-modellen/water_en_ruimte/gebiedsschematisatie/schematisaties/@26884/schematisaties/?PagClsIdt=285858#PagCls_285858	04a5e940-370b-4c1e-b824-51f5d562b813	404	Not Found
Gebiedsschematisatie IJmond - SIMONA - website	website	http://www.helpdeskwater.nl/onderwerpen/applicaties-modellen/water_en_ruimte/gebiedsschematisatie/schematisaties/@26884/schematisaties/?PagClsIdt=189442#PagCls_189442	3969fd7f-e68b-4649-a59b-1333a32fe6fa	404	Not Found
-	dataset	http://Server=b_geomagazijn; Service=sde:oracle11g:b_geomagazijn; User=geo; Version=SDE.DEFAULT	f99f50c9-5931-4486-ad0f-c2240f60296c	0	Failed to parse: Server=b_geomagazijn; Service=sde:oracle11g:b_geomagazijn; User=geo; Version=SDE.DEFAULT
Omgevingsvisie Compleet	download	http://geodata2.prvgld.nl/metadata/Treeview/Catalogus_Download.html	ff485dbb-a24c-4dae-9e79-5c45da4b2b21	502	Proxy Error
22	OGC:WMS	http://Server=sde; Service=sde:oracle$sde:oracle11g:geop; User=recreatie; Version=SDE.DEFAULT?SERVICE=WMS&REQUEST=GetCapabilities	bdb8cb71-52cd-4023-84f9-e97a73657976	0	Failed to parse: Server=sde; Service=sde:oracle$sde:oracle11g:geop; User=recreatie; Version=SDE.DEFAULT
B2:VERKEERSINTENSITEIT_ARC	OGC:WMS	http://Service=sde:oracle11g:/;LOCAL=GISBASIP; User=b2; Version=SDE.DEFAULT?SERVICE=WMS&REQUEST=GetCapabilities	8ef4b05e-168a-4d9b-b320-336f37e484c3	0	Failed to parse: Service=sde:oracle11g:
PGR:Beheergebied2015	OGC:WFS	http://geoportaal.fryslan.nl/arcgis/services/ProvinciaalGeoRegister/PGR_features/GeoDataServer/WFSServer?SERVICE=WFS&REQUEST=GetCapabilities	ffd5c8c3-a41c-4fb5-955a-e313c2049a70	 port=80): Read timed out. (read timeout=3)""	))"
PGR:LANDSCHAP_NationaalLandschap	OGC:WFS	http://geoportaal.fryslan.nl/arcgis/services/ProvinciaalGeoRegister/PGR_features/GeoDataServer/WFSServer?SERVICE=WFS&REQUEST=GetCapabilities	c95d71df-64da-43a8-b69d-2c0f037f7fbc	 port=80): Read timed out. (read timeout=3)""	))"
PGR:PVVP2006_VaarwegenHerzien	OGC:WFS	http://geoportaal.fryslan.nl/arcgis/services/ProvinciaalGeoRegister/PGR_features/GeoDataServer/WFSServer?SERVICE=WFS&REQUEST=GetCapabilities	173f6571-faa1-4489-92a2-68b2afcd2546	 port=80): Read timed out. (read timeout=3)""	))"
PGR:CHK_Aardkunde_Dobben	OGC:WFS	http://geoportaal.fryslan.nl/arcgis/services/ProvinciaalGeoRegister/PGR_features/GeoDataServer/WFSServer?SERVICE=WFS&REQUEST=GetCapabilities	2d86ff38-68fd-4870-accd-0553eb92d691	 port=80): Read timed out. (read timeout=3)""	))"
Omgevingsvisie Compleet	download	http://geodata2.prvgld.nl/metadata/Treeview/Catalogus_Download.html	284c790c-c197-4c9c-b5dd-27d31cb68567	502	Proxy Error
PGR:CHK_FAMKE_BepalenDorpskern	OGC:WFS	http://geoportaal.fryslan.nl/arcgis/services/ProvinciaalGeoRegister/PGR_features/GeoDataServer/WFSServer?SERVICE=WFS&REQUEST=GetCapabilities	72bc4ae6-cc95-42d1-ad94-29c5b5ba9838	 port=80): Read timed out. (read timeout=3)""	))"
NL.IMRO.9926.SV1212PRS-VA01/3	OGC:WMS	http://afnemers.ruimtelijkeplannen.nl/vvvp-wms/NL.IMRO.9926.SV1212PRS-VA01?SERVICE=WMS&REQUEST=GetCapabilities	bfc5d300-8b18-4536-9502-39e02304b3f5	 port=80): Read timed out. (read timeout=3)""	))"
PGR:CHK2_Grenspalen	OGC:WFS	http://geoportaal.fryslan.nl/arcgis/services/ProvinciaalGeoRegister/PGR_features/GeoDataServer/WFSServer?SERVICE=WFS&REQUEST=GetCapabilities	fd3cb447-4bc2-4fc0-b9ee-894cc90a964b	 port=80): Read timed out. (read timeout=3)""	))"
Van A naar Beter geplande werkzaamheden geotool	website	http://www.rijkswaterstaat.nl/geotool/index.aspx?cookieload=true	82fe9e73-b159-461e-b47b-4d6ac1a71955	 port=80): Read timed out. (read timeout=3)""	))"
7	OGC:WMS	http://Server=sde; Service=sde:oracle$sde:oracle11g:geopp; User=verkeer; Version=SDE.DEFAULT?SERVICE=WMS&REQUEST=GetCapabilities	2d2a0237-8a52-4953-b39b-320f790633cf	0	Failed to parse: Server=sde; Service=sde:oracle$sde:oracle11g:geopp; User=verkeer; Version=SDE.DEFAULT
PGR:WHP3_FunctieWater	OGC:WFS	http://geoportaal.fryslan.nl/arcgis/services/ProvinciaalGeoRegister/PGR_features/GeoDataServer/WFSServer?SERVICE=WFS&REQUEST=GetCapabilities	f13461ef-f28b-4218-958a-0af08128c328	 port=80): Read timed out. (read timeout=3)""	))"
Omgevingsvisie Compleet	download	http://geodata2.prvgld.nl/metadata/Treeview/Catalogus_Download.html	cf18859e-45a3-47a9-930e-857d4a483a22	502	Proxy Error
EHSnetto2005	OGC:WMS	http://gisserver1.agro.nl/arcgis/services/EHSNetto2005/MapServer/WMSServer?SERVICE=WMS&REQUEST=GetCapabilities	dc800822-b68e-4543-bf82-456eeeb7f678	 gaierror(-2	' ''Name or service not known'')))"'
PGR:CHK_Aardkunde_Pleistoc_3mNAP	OGC:WFS	http://geoportaal.fryslan.nl/arcgis/services/ProvinciaalGeoRegister/PGR_features/GeoDataServer/WFSServer?SERVICE=WFS&REQUEST=GetCapabilities	3b7e9f1c-dc02-4547-8daa-c5d8fb01ae44	 port=80): Read timed out. (read timeout=3)""	))"
Omgevingsvisie Compleet	download	http://geodata2.prvgld.nl/metadata/Treeview/Catalogus_Download.html	0c0f61c9-500c-4242-8cc8-b408ad597649	502	Proxy Error
PGR:RECR_Ligplaatsen	OGC:WFS	http://geoportaal.fryslan.nl/arcgis/services/ProvinciaalGeoRegister/PGR_features/GeoDataServer/WFSServer?SERVICE=WFS&REQUEST=GetCapabilities	449bf676-b1ec-4d49-82b8-3edbbf8377d4	 port=80): Read timed out. (read timeout=3)""	))"
PGR:GRONDWATER_LGR_Frl	OGC:WFS	http://geoportaal.fryslan.nl/arcgis/services/ProvinciaalGeoRegister/PGR_features/GeoDataServer/WFSServer?SERVICE=WFS&REQUEST=GetCapabilities	de810436-99fc-4534-be59-8b72fee23ce7	 port=80): Read timed out. (read timeout=3)""	))"
0	OGC:WMS	http://Server=sde; Service=sde:oracle$sde:oracle11g:geopp; User=verkeer; Version=SDE.DEFAULT?SERVICE=WMS&REQUEST=GetCapabilities	c78338e1-af22-4b6b-a127-e8a488d84e2a	0	Failed to parse: Server=sde; Service=sde:oracle$sde:oracle11g:geopp; User=verkeer; Version=SDE.DEFAULT
Vaarwegkenmerken in Nederland havens	download	http://www.rijkswaterstaat.nl/apps/geoservices/geodata/dmc/vaarweginformatie_nederland/geogegevens/shape	e3425bb6-458b-4f7f-af8b-a836d513af11	404	Not Found
JSON Service Feed: Actuele Chlorisiteit - Rijkswaterstaat	download	http://www.rijkswaterstaat.nl/apps/geoservices/rwsnl/?mode=features&projecttype=Chlorisiteit	a54be25f-7100-4638-9ff9-49e0f4d4c7af	400	Bad Request
Omgevingsvisie Compleet	download	http://geodata2.prvgld.nl/metadata/Treeview/Catalogus_Download.html	ddd59cd4-37cd-4e25-a96b-773b034c182f	502	Proxy Error
NL.IMRO.9926.SV1212PRS-VA01/8	OGC:WMS	http://afnemers.ruimtelijkeplannen.nl/vvvp-wms/NL.IMRO.9926.SV1212PRS-VA01?SERVICE=WMS&REQUEST=GetCapabilities	453a9604-1b3f-4b0b-80d5-e5b8f49f2403	 port=80): Read timed out. (read timeout=3)""	))"
KDC_download_service	download	ftp://data.knmi.nl/download/Tng/4	254fcb27-ae93-4794-9aeb-8dbf775ac9e4	0	'553 User ''guest'' is NOT authorized for dataset in path: ''/Tng/4''.'
44	OGC:WMS	http://geoservices.provincie-utrecht.nl/arcgis/services/t01-4_cultuur/MapServer/WMSServer?SERVICE=WMS&REQUEST=GetCapabilities	d4c7ef0c-3426-42bc-b4b0-62cdaad25586	 port=80): Read timed out. (read timeout=3)""	))"
	None	http://Server=sde; Service=sde:oracle$sde:oracle11g:geopp; User=verkeer; Version=SDE.DEFAULT	63e6b937-c832-4b62-b4dd-dcf1a373a519	0	Failed to parse: Server=sde; Service=sde:oracle$sde:oracle11g:geopp; User=verkeer; Version=SDE.DEFAULT
Vaarweg Informatie Nederland IJstrajecten	download	http://www.rijkswaterstaat.nl/apps/geoservices/geodata/dmc/vaarweginformatie_nederland/geogegevens/shape	b80080ef-e012-482b-b0a3-6a51c0ab588d	404	Not Found
Omgevingsvisie Compleet	download	http://geodata2.prvgld.nl/metadata/Treeview/Catalogus_Download.html	bc27d466-5264-4302-9576-25b6092bdc6d	502	Proxy Error
PGR:CHK_Aardkunde_Terpen	OGC:WFS	http://geoportaal.fryslan.nl/arcgis/services/ProvinciaalGeoRegister/PGR_features/GeoDataServer/WFSServer?SERVICE=WFS&REQUEST=GetCapabilities	e6be062f-8b30-4959-8bc6-1cdd1a3725f7	 port=80): Read timed out. (read timeout=3)""	))"
-	dataset	http://Server=b_geomagazijn; Service=sde:oracle11g:b_geomagazijn; User=geo; Version=SDE.DEFAULT	93424748-2cf7-42d4-b829-d3e412167a7d	0	Failed to parse: Server=b_geomagazijn; Service=sde:oracle11g:b_geomagazijn; User=geo; Version=SDE.DEFAULT
0	OGC:WMS	http://geo-portaal.zuid-holland.nl/arcgis/services/PGR/PGR_AanvullendBeleidBodemenergie/MapServer/WMSServer?SERVICE=WMS&REQUEST=GetCapabilities	8440cefa-09fc-4342-8c83-4d27ed840ee8	404	Service Not Found or Not Started
PGR_AanvullendBeleidBodemenergie:Aanvullend_beleid_bodemenergie	OGC:WFS	http://geo-portaal.zuid-holland.nl/arcgis/services/PGR/PGR_AanvullendBeleidBodemenergie/MapServer/WFSServer?SERVICE=WFS&REQUEST=GetCapabilities	7b20b570-a346-46c6-a5d8-925897ca9181	404	Service Not Found or Not Started
Omgevingsvisie Compleet	download	http://geodata2.prvgld.nl/metadata/Treeview/Catalogus_Download.html	1706ff98-a690-4e5e-be22-efa8a796bcc7	502	Proxy Error
Omgevingsvisie Compleet	download	http://geodata2.prvgld.nl/metadata/Treeview/Catalogus_Download.html	29856a98-0748-4c41-9513-5f552caaf06f	502	Proxy Error
PGR:MILIEU_Stiltegebieden	OGC:WFS	http://geoportaal.fryslan.nl/arcgis/services/ProvinciaalGeoRegister/PGR_features/GeoDataServer/WFSServer?SERVICE=WFS&REQUEST=GetCapabilities	664bd0b8-eebf-44f4-98fc-6decbaef9246	 port=80): Read timed out. (read timeout=3)""	))"
PGR:RECR_Vuilwaterinname	OGC:WFS	http://geoportaal.fryslan.nl/arcgis/services/ProvinciaalGeoRegister/PGR_features/GeoDataServer/WFSServer?SERVICE=WFS&REQUEST=GetCapabilities	8a09c64e-817c-4670-932a-bc472d56b0e6	 port=80): Read timed out. (read timeout=3)""	))"
Kaart 2 Kaart Nieuwe natuur	OGC:WMS	http://geoservices.zuid-holland.nl/arcgis/services/Landelijk_gebied/Landelijk_gebied_NBP/MapServer/WMSServer?SERVICE=WMS&REQUEST=GetCapabilities	e7e3a5b8-25ea-4d77-92bd-03586a9f2329	400	Bad Request
Omgevingsvisie Compleet	download	http://geodata2.prvgld.nl/metadata/Treeview/Catalogus_Download.html	d8c9423f-dc3a-4024-ab02-1246713a7757	502	Proxy Error
PGR:CHK_Histgeo_Tolhuizen	OGC:WFS	http://geoportaal.fryslan.nl/arcgis/services/ProvinciaalGeoRegister/PGR_features/GeoDataServer/WFSServer?SERVICE=WFS&REQUEST=GetCapabilities	531fd7a4-236e-4def-950c-e2e59a6affba	 port=80): Read timed out. (read timeout=3)""	))"
-	dataset	http://Server=b_geomagazijn; Service=sde:oracle11g:b_geomagazijn; User=geo; Version=SDE.DEFAULT	911d250d-98ce-44f7-87c8-ed7bb1492247	0	Failed to parse: Server=b_geomagazijn; Service=sde:oracle11g:b_geomagazijn; User=geo; Version=SDE.DEFAULT
-	dataset	http://Server=b_geomagazijn; Service=sde:oracle11g:b_geomagazijn; User=geo; Version=SDE.DEFAULT	bef0e57a-3d46-4766-ac6c-51f746db93ce	0	Failed to parse: Server=b_geomagazijn; Service=sde:oracle11g:b_geomagazijn; User=geo; Version=SDE.DEFAULT
http://www.aaenmaas.nl/informatie_op_maat/item_161436/item_200595/waterbeheerplan	website	http://www.aaenmaas.nl/informatie_op_maat/item_161436/item_200595/waterbeheerplan	449c088f-c644-42c9-9bd8-fb5fb8be42e9	404	Not Found
-	dataset	http://\\FS-OES-GEOP01\DATA4\GEO\Projecten\Algemeen\Provinciaalgeoregister\metadata\kopie_PGR_datasets_PNBW.gdb	6aefd669-bc95-402d-a427-4c2fa2de89a2	0	URL has an invalid label.
32	OGC:WMS	http://geoservices.provincie-utrecht.nl/arcgis/services/t01-4_cultuur/MapServer/WMSServer?SERVICE=WMS&REQUEST=GetCapabilities	0c6f87bf-f1c0-4ae0-8127-9937aefbc43a	 port=80): Read timed out. (read timeout=3)""	))"
NL.IMRO.9926.SV1212PRS-VA01/12	OGC:WMS	http://afnemers.ruimtelijkeplannen.nl/vvvp-wms/NL.IMRO.9926.SV1212PRS-VA01?SERVICE=WMS&REQUEST=GetCapabilities	a0bf4b49-72f6-4f6a-8310-c019383934d6	 port=80): Read timed out. (read timeout=3)""	))"
Omgevingsvisie Compleet	download	http://geodata2.prvgld.nl/metadata/Treeview/Catalogus_Download.html	9e5da91c-993a-4d3b-9a20-c1ac5865d4e6	502	Proxy Error
PGR:CHK2_Dijken	OGC:WFS	http://geoportaal.fryslan.nl/arcgis/services/ProvinciaalGeoRegister/PGR_features/GeoDataServer/WFSServer?SERVICE=WFS&REQUEST=GetCapabilities	58ebb6e0-a9a9-4d2b-b308-f939f33021d0	 port=80): Read timed out. (read timeout=3)""	))"
Gebiedsschematisatie Rijn - BASELINE_WAQUA - website	website	http://www.helpdeskwater.nl/onderwerpen/applicaties-modellen/water_en_ruimte/gebiedsschematisatie/schematisaties/@26884/schematisaties/?PagClsIdt=285870#PagCls_285870	abbb7d75-37fd-4d31-b11e-0883587a366e	404	Not Found
Gebiedsschematisatie Rijn - SIMONA - website	website	http://www.helpdeskwater.nl/onderwerpen/applicaties-modellen/water_en_ruimte/gebiedsschematisatie/schematisaties/@26884/schematisaties/?PagClsIdt=189452#PagCls_189452	ffb58ff1-2be6-46b8-92c4-d01415bb5e31	404	Not Found
Omgevingsvisie Compleet	download	http://geodata2.prvgld.nl/metadata/Treeview/Catalogus_Download.html	c4811e4c-2c79-4a83-9564-a04d2e0e396e	502	Proxy Error
PGR:CHK2_JongereBouwkunst	OGC:WFS	http://geoportaal.fryslan.nl/arcgis/services/ProvinciaalGeoRegister/PGR_features/GeoDataServer/WFSServer?SERVICE=WFS&REQUEST=GetCapabilities	7f967a51-0d1e-454c-bb63-87212707b330	 port=80): Read timed out. (read timeout=3)""	))"
PGR:NATUUR_Landzone	OGC:WFS	http://geoportaal.fryslan.nl/arcgis/services/ProvinciaalGeoRegister/PGR_features/GeoDataServer/WFSServer?SERVICE=WFS&REQUEST=GetCapabilities	1d473a9f-71a4-4502-aecd-a49df5be61a9	 port=80): Read timed out. (read timeout=3)""	))"
14	OGC:WMS	http://Server=sde; Service=sde:oracle$sde:oracle11g:geopp; User=milieu; Version=SDE.DEFAULT?SERVICE=WMS&REQUEST=GetCapabilities	f4828fb2-134f-4de7-beb0-f218bf1bfa7f	0	Failed to parse: Server=sde; Service=sde:oracle$sde:oracle11g:geopp; User=milieu; Version=SDE.DEFAULT
PGR:MILIEU_GK2012_ProvWegen	OGC:WFS	http://geoportaal.fryslan.nl/arcgis/services/ProvinciaalGeoRegister/PGR_features/GeoDataServer/WFSServer?SERVICE=WFS&REQUEST=GetCapabilities	71f4987e-b165-46f0-8a13-d273c67bb207	 port=80): Read timed out. (read timeout=3)""	))"
PGR:LandschapsZoekGebied2015	OGC:WFS	http://geoportaal.fryslan.nl/arcgis/services/ProvinciaalGeoRegister/PGR_features/GeoDataServer/WFSServer?SERVICE=WFS&REQUEST=GetCapabilities	e1659be9-2bb5-4a44-b5d6-29b3b704988f	 port=80): Read timed out. (read timeout=3)""	))"
vdbgemmaasgouw:rioolvrijverval_ma	OGC:WMS	http://wioninspire.geodan.nl/geoserver/vdbgemmaasgouw/wms?SERVICE=WMS&REQUEST=GetCapabilities	0a036591-b597-418c-80fb-31c2485050f2	503	Service Unavailable
vdbgemmaasgouw:rioolvrijverval_ma	OGC:WFS	http://wioninspire.geodan.nl/geoserver/vdbgemmaasgouw/wfs?SERVICE=WFS&REQUEST=GetCapabilities	a2c75b5b-bf47-4512-898b-fe9678c26bad	503	Service Unavailable
vdbgemmaasgouw:rioolvrijverval_ma	OGC:WMS-1.1.1-http-get-map	http://wioninspire.geodan.nl/geoserver/vdbgemmaasgouw/wms?SERVICE=WMS&REQUEST=GetCapabilities	fbc37580-e051-4112-b36a-4e35bc1c618e	503	Service Unavailable
vdbgemmaasgouw:rioolvrijverval_ma	OGC:WMS-1.1.1-http-get-map	http://wioninspire.geodan.nl/geoserver/vdbgemmaasgouw/wms?SERVICE=WMS&REQUEST=GetCapabilities	e5d42ff6-d998-4033-8624-b9406f3fe9ff	503	Service Unavailable
PGR:RECR_Visstekken	OGC:WFS	http://geoportaal.fryslan.nl/arcgis/services/ProvinciaalGeoRegister/PGR_features/GeoDataServer/WFSServer?SERVICE=WFS&REQUEST=GetCapabilities	2ae91f64-9728-4943-ad91-b4caebe1ee42	 port=80): Read timed out. (read timeout=3)""	))"
Omgevingsvisie Compleet	download	http://geodata2.prvgld.nl/metadata/Treeview/Catalogus_Download.html	2467b485-bdfa-4bc7-8a88-ce847730a91b	502	Proxy Error
Vaarwegkenmerken in Nederland hoogspanningslijn	download	http://www.rijkswaterstaat.nl/apps/geoservices/geodata/dmc/vaarweginformatie_nederland/geogegevens/shape	c371386c-c303-4ae6-8a71-12edfec3c14e	404	Not Found
-	dataset	http://Server=b_geomagazijn; Service=sde:oracle11g:b_geomagazijn; User=geo; Version=SDE.DEFAULT	aa4f6902-b87c-4779-a283-cd1382ff71c0	0	Failed to parse: Server=b_geomagazijn; Service=sde:oracle11g:b_geomagazijn; User=geo; Version=SDE.DEFAULT
-	dataset	http://Server=sde; Service=sde:oracle$sde:oracle11g:geop; User=veiligheid; Version=SDE.DEFAULT	7fe5fd0f-cd25-4b0f-98ba-2090c86488ab	0	Failed to parse: Server=sde; Service=sde:oracle$sde:oracle11g:geop; User=veiligheid; Version=SDE.DEFAULT
PGR:RECR_Musea	OGC:WFS	http://geoportaal.fryslan.nl/arcgis/services/ProvinciaalGeoRegister/PGR_features/GeoDataServer/WFSServer?SERVICE=WFS&REQUEST=GetCapabilities	ddd85c51-d0b8-4e1c-9f15-ad158d3ec2ea	 port=80): Read timed out. (read timeout=3)""	))"
PGR:RECR_Sportaccommodaties	OGC:WFS	http://geoportaal.fryslan.nl/arcgis/services/ProvinciaalGeoRegister/PGR_features/GeoDataServer/WFSServer?SERVICE=WFS&REQUEST=GetCapabilities	b8e82f0b-8f71-42b3-9534-93d57e0916ab	 port=80): Read timed out. (read timeout=3)""	))"
-	dataset	http://\\Dattero\kgodata\Geo_Data\Metadata\metadata.gdb	2a84f7e9-34d5-47b3-87ac-8a9c2b9de7fb	 gaierror(-2	' ''Name or service not known'')))"'
0	OGC:WMS	http://geo.flevoland.nl/ArcGIS/services/Milieu/wko-systemen/MapServer/WMSServer?SERVICE=WMS&REQUEST=GetCapabilities	78b8fef1-bf18-4aac-a7bd-ad5d109ffdee	400	Bad Request
wko-systemen:energie_wko_systemen	OGC:WFS	http://geo.flevoland.nl/ArcGIS/services/Milieu/wko-systemen/MapServer/WFSServer?SERVICE=WFS&REQUEST=GetCapabilities	d69850e6-3a99-4667-9c38-f873786a4c70	400	Bad Request
B4:EHS_ONW_POLYGON	OGC:WMS	http://gisopenbaar.overijssel.nl/data/wms?SERVICE=WMS&REQUEST=GetCapabilities	dbd882fe-841b-41d1-9976-3f22ee0aa744	0	timed out
-	dataset	http://Server=sde; Service=sde:oracle$sde:oracle11g:geopt; User=veiligheid; Version=SDE.DEFAULT	08ba93ab-af54-4c7f-8f35-303b98110e26	0	Failed to parse: Server=sde; Service=sde:oracle$sde:oracle11g:geopt; User=veiligheid; Version=SDE.DEFAULT
Omgevingsvisie Compleet	download	http://geodata2.prvgld.nl/metadata/Treeview/Catalogus_Download.html	db31677e-e459-4549-a469-9ee788d62d1a	502	Proxy Error
Astronomische getijextremen rijkswateren_website	website	http://live.getij.nl/wsgetij/hwlw.php	4e191b50-5315-4bb5-98b0-cb0c24e23dea	 gaierror(-2	' ''Name or service not known'')))"'
0	OGC:WMS	http://geo-portaal.zuid-holland.nl/arcgis/services/PGR/PGR_Interferentiegebieden/MapServer/WMSServer?SERVICE=WMS&REQUEST=GetCapabilities	5784b523-f4aa-486a-8bc0-44f552bf470a	404	Service Not Found or Not Started
PGR_Interferentiegebieden:Interferentiegebieden	OGC:WFS	http://geo-portaal.zuid-holland.nl/arcgis/services/PGR/PGR_Interferentiegebieden/MapServer/WFSServer?SERVICE=WFS&REQUEST=GetCapabilities	7a6f08fe-ac17-486b-afe6-0cb8bb0fe883	404	Service Not Found or Not Started
IJsselmeer Vechtdelta - BASELINE_WAQUA - website	website	http://www.helpdeskwater.nl/onderwerpen/applicaties-modellen/water_en_ruimte/gebiedsschematisatie/schematisaties/@26884/schematisaties/?PagClsIdt=298260#PagCls_298260	9a9fb194-2f2b-4f8b-923b-60c410c1e84e	404	Not Found
Omgevingsvisie Compleet	download	http://geodata2.prvgld.nl/metadata/Treeview/Catalogus_Download.html	a43f7b1a-d85f-4cd7-a10f-3cea6f961d56	502	Proxy Error
nur01	OGC:WMS	http://intranet.rijkswaterstaat.nl/services/geoservices/zuid_holland_stroombaan?SERVICE=WMS&REQUEST=GetCapabilities	cccc730d-d1a5-4709-b50c-df7f7de564e9	 gaierror(-2	' ''Name or service not known'')))"'
nur01	OGC:WFS	http://intranet.rijkswaterstaat.nl/services/geoservices/zuid_holland_stroombaan?SERVICE=WFS&REQUEST=GetCapabilities	541629fb-8dfa-4040-81e9-2d214ab7610c	 gaierror(-2	' ''Name or service not known'')))"'
-	dataset	http://\\Dattero\kgodata\Geo_Data\Metadata\metadata.gdb	e9e26f00-5329-4af2-85ba-352790811a2d	 gaierror(-2	' ''Name or service not known'')))"'
Omgevingsvisie Compleet	download	http://geodata2.prvgld.nl/metadata/Treeview/Catalogus_Download.html	f4a25c61-0dc1-4f6b-b87e-f58cfc13e802	502	Proxy Error
PGR:MILIEU_GeluidszonesVliegvelden	OGC:WFS	http://geoportaal.fryslan.nl/arcgis/services/ProvinciaalGeoRegister/PGR_features/GeoDataServer/WFSServer?SERVICE=WFS&REQUEST=GetCapabilities	5ef43661-0a02-4269-8003-48458fc9b302	 port=80): Read timed out. (read timeout=3)""	))"
PGR:BijzonderGebied2015	OGC:WFS	http://geoportaal.fryslan.nl/arcgis/services/ProvinciaalGeoRegister/PGR_features/GeoDataServer/WFSServer?SERVICE=WFS&REQUEST=GetCapabilities	85b7cd32-46dd-46e9-8693-851e614cc942	 port=80): Read timed out. (read timeout=3)""	))"
PGR:CM_FryskeTsjerken	OGC:WFS	http://geoportaal.fryslan.nl/arcgis/services/ProvinciaalGeoRegister/PGR_features/GeoDataServer/WFSServer?SERVICE=WFS&REQUEST=GetCapabilities	e5297b8f-cbdd-4a8c-8e46-6fda6c2017ca	 port=80): Read timed out. (read timeout=3)""	))"
wfs_m01_milieu:bodemk_veenw_grondwatertrappen	OGC:WFS	http://geoservices.provincie-utrecht.nl/arcgis/services/wfs_m01_milieu/MapServer/WFSServer?SERVICE=WFS&REQUEST=GetCapabilities	377d6f74-7f25-4406-9f0e-315627234261	 port=80): Read timed out. (read timeout=3)""	))"
Vaarwegkenmerken in Nederland waterstand streefpeil	download	http://www.rijkswaterstaat.nl/apps/geoservices/geodata/dmc/vaarweginformatie_nederland/geogegevens/shape	0617fd1a-7994-4e9c-98b0-6e79d714a432	404	Not Found
PGR:NATUUR_PlanologischeEHS	OGC:WFS	http://geoportaal.fryslan.nl/arcgis/services/ProvinciaalGeoRegister/PGR_features/GeoDataServer/WFSServer?SERVICE=WFS&REQUEST=GetCapabilities	597120c3-3805-484d-a572-5c9ff07e13f4	 port=80): Read timed out. (read timeout=3)""	))"
PGR:CHK2_Eendenkooien	OGC:WFS	http://geoportaal.fryslan.nl/arcgis/services/ProvinciaalGeoRegister/PGR_features/GeoDataServer/WFSServer?SERVICE=WFS&REQUEST=GetCapabilities	b5145d2b-64e0-4b4f-a3de-127faa6ec808	 port=80): Read timed out. (read timeout=3)""	))"
vdbgemmaasgouw:laagspanning_an	OGC:WMS	http://wioninspire.geodan.nl/geoserver/vdbgemmaasgouw/wms?SERVICE=WMS&REQUEST=GetCapabilities	857835b7-d4d9-4f9e-bea0-03994712f3a0	503	Service Unavailable
vdbgemmaasgouw:laagspanning_an	OGC:WFS	http://wioninspire.geodan.nl/geoserver/vdbgemmaasgouw/wfs?SERVICE=WFS&REQUEST=GetCapabilities	a0721f8c-6a0a-4af7-8d5a-5c3c17581ca2	503	Service Unavailable
vdbgemmaasgouw:laagspanning_an	OGC:WMS-1.1.1-http-get-map	http://wioninspire.geodan.nl/geoserver/vdbgemmaasgouw/wms?SERVICE=WMS&REQUEST=GetCapabilities	02f75fdc-6dc6-4169-9d7b-039c5d3be6bc	503	Service Unavailable
vdbgemmaasgouw:laagspanning_an	OGC:WMS-1.1.1-http-get-map	http://wioninspire.geodan.nl/geoserver/vdbgemmaasgouw/wms?SERVICE=WMS&REQUEST=GetCapabilities	2d1202b5-122f-4725-9a9a-ef0d3e5d283c	503	Service Unavailable
PGR:CHK2_Zuivelfabrieken	OGC:WFS	http://geoportaal.fryslan.nl/arcgis/services/ProvinciaalGeoRegister/PGR_features/GeoDataServer/WFSServer?SERVICE=WFS&REQUEST=GetCapabilities	2a32c241-8207-4091-8433-19d000da459c	 port=80): Read timed out. (read timeout=3)""	))"
-	dataset	http://Server=b_geomagazijn; Service=sde:oracle11g:b_geomagazijn; User=geo; Version=SDE.DEFAULT	eeaceb34-3291-401a-a669-a4eaddf1bd61	0	Failed to parse: Server=b_geomagazijn; Service=sde:oracle11g:b_geomagazijn; User=geo; Version=SDE.DEFAULT
NL.IMRO.9926.SV1212PRS-VA01/2	OGC:WMS	http://afnemers.ruimtelijkeplannen.nl/vvvp-wms/NL.IMRO.9926.SV1212PRS-VA01?SERVICE=WMS&REQUEST=GetCapabilities	6ecbdf53-1a52-49f0-a9f2-b82934439e32	 port=80): Read timed out. (read timeout=3)""	))"
PGR:WATER_Waterwingebieden	OGC:WFS	http://geoportaal.fryslan.nl/arcgis/services/ProvinciaalGeoRegister/PGR_features/GeoDataServer/WFSServer?SERVICE=WFS&REQUEST=GetCapabilities	0606f8f5-bde3-4ffe-a126-ee4a8f82c71b	 port=80): Read timed out. (read timeout=3)""	))"
75	OGC:WMS	http://Server=sde; Service=sde:oracle$sde:oracle11g:geopp; User=milieu; Version=SDE.DEFAULT?SERVICE=WMS&REQUEST=GetCapabilities	70cdeb07-5b22-49bf-a28c-50991e2b0bec	0	Failed to parse: Server=sde; Service=sde:oracle$sde:oracle11g:geopp; User=milieu; Version=SDE.DEFAULT
	WWW:DOWNLOAD-1.0-http--download	http://www.nationaalgeoregister.nl/geonetwork/srv/en/resources.get?id=486302&fname=Parkeersectoren&access=private	f4409c71-f1cf-4655-92f5-153b3cf736d3	500	Internal Server Error
Omgevingsvisie Compleet	download	http://geodata2.prvgld.nl/metadata/Treeview/Catalogus_Download.html	313c4807-0c45-4b3a-be22-3edf58d55911	502	Proxy Error
PGR:KoudeWarmteOpslag	OGC:WFS	http://geoportaal.fryslan.nl/arcgis/services/ProvinciaalGeoRegister/PGR_features/GeoDataServer/WFSServer?SERVICE=WFS&REQUEST=GetCapabilities	d9a64c1b-c56c-450c-8f03-2d4c774681e2	 port=80): Read timed out. (read timeout=3)""	))"
PGR:RECR_Veerponten	OGC:WFS	http://geoportaal.fryslan.nl/arcgis/services/ProvinciaalGeoRegister/PGR_features/GeoDataServer/WFSServer?SERVICE=WFS&REQUEST=GetCapabilities	b634add3-d6c5-4a6f-a53b-0538324c5bd5	 port=80): Read timed out. (read timeout=3)""	))"
KDC_download_service	download	ftp://data.knmi.nl/download/bedekkingsgraad_nubiscope/1.0	a85db5d8-9a93-4c7e-b531-b3dc837c265d	0	500 service unavailable
Omgevingsvisie Compleet	download	http://geodata2.prvgld.nl/metadata/Treeview/Catalogus_Download.html	78d3b191-abca-4925-92b4-e9cf612e6f17	502	Proxy Error
0	OGC:WMS	http://geo.flevoland.nl/ArcGIS/services/Cultuurhist_Archeologie/ArcheologischeBeleidskaart/MapServer/WMSServer?SERVICE=WMS&REQUEST=GetCapabilities	6db44889-17e9-4220-a659-8d64a5e04044	400	Bad Request
PGR:CHK_FAMKE_AdviesMiddeleeuwen	OGC:WFS	http://geoportaal.fryslan.nl/arcgis/services/ProvinciaalGeoRegister/PGR_features/GeoDataServer/WFSServer?SERVICE=WFS&REQUEST=GetCapabilities	02e93241-048a-4128-a0bd-44c305a2c489	 port=80): Read timed out. (read timeout=3)""	))"
JSON Service Feed: Actuele Chlorisiteit - Rijkswaterstaat	application/json	http://www.rijkswaterstaat.nl/apps/geoservices/rwsnl/?mode=features&projecttype=Chlorisiteit	16c87815-d92e-4b18-900b-4559dddbe911	400	Bad Request
Grondwaterbescherming	OGC:WMS	http://ags101.prvgld.nl/arcgis/services/Omgevingverordening/MapServer/WMSServer?SERVICE=WMS&REQUEST=GetCapabilities	cd3e35fa-c872-4957-8853-8547a06acc37	400	Bad Request
Omgevingverordening:Grondwaterbescherming	OGC:WFS	http://ags101.prvgld.nl/arcgis/services/Omgevingverordening/MapServer/WFSServer?SERVICE=WFS&REQUEST=GetCapabilities	0bfc6aa3-1923-4da9-afd2-1f9550f7dcbf	400	Bad Request
Omgevingsvisie Compleet	download	http://geodata2.prvgld.nl/metadata/Treeview/Catalogus_Download.html	b4e30074-63bf-48f5-ae01-5a3b1ca61949	502	Proxy Error
Omgevingsvisie Compleet	download	http://geodata2.prvgld.nl/metadata/Treeview/Catalogus_Download.html	5c0fd6c4-5614-4038-8d3e-54538278aa7c	502	Proxy Error
PGR:RECR_Kitesurfen	OGC:WFS	http://geoportaal.fryslan.nl/arcgis/services/ProvinciaalGeoRegister/PGR_features/GeoDataServer/WFSServer?SERVICE=WFS&REQUEST=GetCapabilities	b0e9df34-d1c1-4e8f-adef-875fe194d2be	 port=80): Read timed out. (read timeout=3)""	))"
Webservice luchtkwaliteitsmeting	UKST	http://www.denhaag.nl/ArcGIS/rehttp://www.denhaag.nl/ArcGIS/rest/services/Archeologie/Archeologie_Booronderzoek/MapServer/0st/services/DsbBeheer/Bomenbeheer/MapServer	57838694-8a20-4761-b50d-9f8d4e63edd1	404	Not Found
Kaart 6 Collectieve beheerplannen	OGC:WMS	http://geoservices.zuid-holland.nl/arcgis/services/Landelijk_gebied/Landelijk_gebied_NBP/MapServer/WMSServer?SERVICE=WMS&REQUEST=GetCapabilities	d9d82d03-e109-4602-acd4-f447ae9f6a40	400	Bad Request
PGR:WATER_Wetternammen_l	OGC:WFS	http://geoportaal.fryslan.nl/arcgis/services/ProvinciaalGeoRegister/PGR_features/GeoDataServer/WFSServer?SERVICE=WFS&REQUEST=GetCapabilities	a4d47260-8ecf-489f-b4d7-ed9eb30ba0c9	 port=80): Read timed out. (read timeout=3)""	))"
Vaarweg Informatie Nederland - geotool	website	http://www.rijkswaterstaat.nl/geotool/geotool_vaarweg.aspx?cookieload=true	a62b199f-0387-432b-a83b-9e73ba04abe5	 port=80): Read timed out. (read timeout=3)""	))"
-	dataset	http://\\FS-OES-GEOP01\DATA4\GEO\Projecten\Algemeen\Provinciaalgeoregister\metadata\kopie_PGR_datasets_PNBW.gdb	8745cff5-94ea-4ed5-bd6b-4ab463f6c5e5	0	URL has an invalid label.
PGR:RECR_Zwemwater	OGC:WFS	http://geoportaal.fryslan.nl/arcgis/services/ProvinciaalGeoRegister/PGR_features/GeoDataServer/WFSServer?SERVICE=WFS&REQUEST=GetCapabilities	7d2d5ba4-4281-4297-a04b-62ad32d515e7	 port=80): Read timed out. (read timeout=3)""	))"
Vaarwegkenmerken in Nederland type vaarweg	download	http://www.rijkswaterstaat.nl/apps/geoservices/geodata/dmc/vaarweginformatie_nederland/geogegevens/shape	d595c31c-c721-4a48-87b5-ad8cf02819a0	404	Not Found
Omgevingsvisie Compleet	download	http://geodata2.prvgld.nl/metadata/Treeview/Catalogus_Download.html	e3ca4612-7e4d-4fe8-9502-148943afa4cc	502	Proxy Error
Omgevingsvisie Compleet	download	http://geodata2.prvgld.nl/metadata/Treeview/Catalogus_Download.html	e0b6430b-da69-486d-b124-948df588b4f0	502	Proxy Error
80	OGC:WMS	http://Server=sde; Service=sde:oracle$sde:oracle11g:geopp; User=milieu; Version=SDE.DEFAULT?SERVICE=WMS&REQUEST=GetCapabilities	6a413e76-9ac3-4c4d-b13a-94da0370b8e2	0	Failed to parse: Server=sde; Service=sde:oracle$sde:oracle11g:geopp; User=milieu; Version=SDE.DEFAULT
Omgevingsvisie Compleet	download	http://geodata2.prvgld.nl/metadata/Treeview/Catalogus_Download.html	958d18a7-47a5-4b7a-824c-5b43ec588705	502	Proxy Error
NL.IMRO.9926.SV1212PRS-VA01/7	OGC:WMS	http://afnemers.ruimtelijkeplannen.nl/vvvp-wms/NL.IMRO.9926.SV1212PRS-VA01?SERVICE=WMS&REQUEST=GetCapabilities	adc5e154-1d41-47e8-a5fb-dc65e19e470f	 port=80): Read timed out. (read timeout=3)""	))"
PGR:RECR_Fierljeppen	OGC:WFS	http://geoportaal.fryslan.nl/arcgis/services/ProvinciaalGeoRegister/PGR_features/GeoDataServer/WFSServer?SERVICE=WFS&REQUEST=GetCapabilities	b558d019-a18a-4aef-af93-c78881426604	 port=80): Read timed out. (read timeout=3)""	))"
-	dataset	http://Server=b_geomagazijn; Service=sde:oracle11g:b_geomagazijn; User=geo; Version=SDE.DEFAULT	1fe39991-d3cd-482e-9259-3b2e1a0f209f	0	Failed to parse: Server=b_geomagazijn; Service=sde:oracle11g:b_geomagazijn; User=geo; Version=SDE.DEFAULT
77	OGC:WMS	http://Server=sde; Service=sde:oracle$sde:oracle11g:geopp; User=milieu; Version=SDE.DEFAULT?SERVICE=WMS&REQUEST=GetCapabilities	c1edfe3f-ef2f-48b0-a6a3-2945683bbf90	0	Failed to parse: Server=sde; Service=sde:oracle$sde:oracle11g:geopp; User=milieu; Version=SDE.DEFAULT
Vaarwegkenmerken in Nederland diepte vaarweg	download	http://www.rijkswaterstaat.nl/apps/geoservices/geodata/dmc/vaarweginformatie_nederland/geogegevens/shape	136fd892-d428-4100-94ce-f8ab3bae2883	404	Not Found
PGR:CHK2_DelftsRood	OGC:WFS	http://geoportaal.fryslan.nl/arcgis/services/ProvinciaalGeoRegister/PGR_features/GeoDataServer/WFSServer?SERVICE=WFS&REQUEST=GetCapabilities	9b4672ab-c27b-41e9-9bdc-faaca945247d	 port=80): Read timed out. (read timeout=3)""	))"
Omgevingsvisie Compleet	download	http://geodata2.prvgld.nl/metadata/Treeview/Catalogus_Download.html	f5207e43-0153-4ff9-8d66-9aa5ed400ecd	502	Proxy Error
PGR:RECR_Jachthavens	OGC:WFS	http://geoportaal.fryslan.nl/arcgis/services/ProvinciaalGeoRegister/PGR_features/GeoDataServer/WFSServer?SERVICE=WFS&REQUEST=GetCapabilities	93d15dfd-c7d2-4718-ae79-7dd32262d53b	 port=80): Read timed out. (read timeout=3)""	))"
Webservice kadastrale percelen	UKST	http://648c7b28-13f7-4a5b-b684-e3f4cdf528c5	fd76f41d-1867-4764-909b-82a56e722227	 gaierror(-2	' ''Name or service not known'')))"'
-	dataset	http://Server=b_geomagazijn; Service=sde:oracle11g:b_geomagazijn; User=geo; Version=SDE.DEFAULT	e5031362-6fe8-45c5-afbf-3ecda0ee9e69	0	Failed to parse: Server=b_geomagazijn; Service=sde:oracle11g:b_geomagazijn; User=geo; Version=SDE.DEFAULT
Omgevingsvisie Compleet	download	http://geodata2.prvgld.nl/metadata/Treeview/Catalogus_Download.html	272ad957-7827-41f0-bdcb-b349e25219c8	502	Proxy Error
Vaarwegkenmerken in Nederland zwaaiplaats	download	http://www.rijkswaterstaat.nl/apps/geoservices/geodata/dmc/vaarweginformatie_nederland/geogegevens/shape	9aded0a2-863c-4ad2-b4a0-01c7138d448b	404	Not Found
Vaarwegkenmerken in Nederland aansluitingen	download	http://www.rijkswaterstaat.nl/apps/geoservices/geodata/dmc/vaarweginformatie_nederland/geogegevens/shape	59fbf4a3-4441-4f03-8df1-d0206973e2a7	404	Not Found
PGR:WATER_RecreatieveRoutes	OGC:WFS	http://geoportaal.fryslan.nl/arcgis/services/ProvinciaalGeoRegister/PGR_features/GeoDataServer/WFSServer?SERVICE=WFS&REQUEST=GetCapabilities	23d0ff0a-a56a-444e-9c66-fee494cd8fd0	 port=80): Read timed out. (read timeout=3)""	))"
Omgevingsvisie Compleet	download	http://geodata2.prvgld.nl/metadata/Treeview/Catalogus_Download.html	ac39ce9b-656b-4b37-9174-dde7844b0d53	502	Proxy Error
Omgevingsvisie Compleet	download	http://geodata2.prvgld.nl/metadata/Treeview/Catalogus_Download.html	05d74682-85fb-4e29-9ba8-fc9d54940996	502	Proxy Error
Omgevingsvisie Compleet	download	http://geodata2.prvgld.nl/metadata/Treeview/Catalogus_Download.html	896e5721-719d-4919-a89a-f5245ae9bf68	502	Proxy Error
-	dataset	http://\\Dattero\kgodata\Geo_Data\Metadata\metadata.gdb	90179eb8-e0bf-452a-8b20-d634783ea024	 gaierror(-2	' ''Name or service not known'')))"'
PGR:CHK2_SpoorTram_Gebouwen	OGC:WFS	http://geoportaal.fryslan.nl/arcgis/services/ProvinciaalGeoRegister/PGR_features/GeoDataServer/WFSServer?SERVICE=WFS&REQUEST=GetCapabilities	af025b1b-9db8-4945-ab35-5d4eb27af289	 port=80): Read timed out. (read timeout=3)""	))"
Kaart 1a Beheertypenkaart	OGC:WMS	http://geoservices.zuid-holland.nl/arcgis/services/Landelijk_gebied/Landelijk_gebied_NBP/MapServer/WmsServer?SERVICE=WMS&REQUEST=GetCapabilities	77d5c990-7a74-4fef-825f-a7e4a706b128	400	Bad Request
PGR:INDUSTRIE_Kantoorlocaties	OGC:WFS	http://geoportaal.fryslan.nl/arcgis/services/ProvinciaalGeoRegister/PGR_features/GeoDataServer/WFSServer?SERVICE=WFS&REQUEST=GetCapabilities	3af249f9-6ca8-413c-a8a3-ea2204ca3b5c	 port=80): Read timed out. (read timeout=3)""	))"
25	OGC:WMS	http://geoservices.provincie-utrecht.nl/arcgis/services/v01-2-1_wegennet/MapServer/WMSServer?SERVICE=WMS&REQUEST=GetCapabilities	af428a15-8ba2-40bf-9530-206f02059dc7	 port=80): Read timed out. (read timeout=3)""	))"
KDC_download_service	download	ftp://data.knmi.nl/download/Tg1/4	2e8d0c6a-14db-47f3-8ddb-6791ceed1260	0	500 service unavailable
PGR:CHK_Histgeo_Sluizen	OGC:WFS	http://geoportaal.fryslan.nl/arcgis/services/ProvinciaalGeoRegister/PGR_features/GeoDataServer/WFSServer?SERVICE=WFS&REQUEST=GetCapabilities	d1088adf-5790-40b1-8397-41a1bf877199	 port=80): Read timed out. (read timeout=3)""	))"
PGR:CHK_FAMKE_AdviesSteentijd	OGC:WFS	http://geoportaal.fryslan.nl/arcgis/services/ProvinciaalGeoRegister/PGR_features/GeoDataServer/WFSServer?SERVICE=WFS&REQUEST=GetCapabilities	1406c7b0-3b6c-4560-8434-94a953c1aedb	 port=80): Read timed out. (read timeout=3)""	))"
9	OGC:WMS	http://geoservices.provincie-utrecht.nl/arcgis/services/monitorbedrijvenkantoren/MapServer/WMSServer?SERVICE=WMS&REQUEST=GetCapabilities	1dbd8910-4935-4001-a019-e40f2f4d9ca2	400	Bad Request
	OGC:WMS	http://Server=sde; Service=sde:oracle$sde:oracle11g:geopp; User=verkeer; Version=SDE.DEFAULT?SERVICE=WMS&REQUEST=GetCapabilities	c7748e8f-8dbf-4899-a9ea-e3c632e21e9d	0	Failed to parse: Server=sde; Service=sde:oracle$sde:oracle11g:geopp; User=verkeer; Version=SDE.DEFAULT
Vaarwegkenmerken in Nederland streefpeil	download	http://www.rijkswaterstaat.nl/apps/geoservices/geodata/dmc/vaarweginformatie_nederland/geogegevens/shape	2a60c148-34d2-4295-adfd-fcf4314658e0	404	Not Found
-	dataset	http://Server=sde; Service=sde:oracle$sde:oracle11g:geop; User=wegen; Version=SDE.DEFAULT	2658c2d0-2de1-4ff0-a0a9-b0233773550e	0	Failed to parse: Server=sde; Service=sde:oracle$sde:oracle11g:geop; User=wegen; Version=SDE.DEFAULT
NL.IMRO.9926.SV1212PRS-VA01/11	OGC:WMS	http://afnemers.ruimtelijkeplannen.nl/vvvp-wms/NL.IMRO.9926.SV1212PRS-VA01?SERVICE=WMS&REQUEST=GetCapabilities	3a47b1b4-d46f-4faa-95e2-1a9f9e49c2ba	 port=80): Read timed out. (read timeout=3)""	))"
-	dataset	http://\\FS-OES-GEOP01\DATA4\GEO\Projecten\Algemeen\Provinciaalgeoregister\metadata\kopie_PGR_datasets_PNBW.gdb	f2ad1687-5ab2-41fe-829b-2066008ba2a2	0	URL has an invalid label.
Helpdesk Water - Kaarten Beleidslijn Grote Rivieren - website	website	http://www.helpdeskwater.nl/onderwerpen/applicaties-modellen/deltamodel/@31265/brochure-deltamodel-0	27b0ee7e-af72-4ddd-939e-7088b5f5a793	404	Not Found
PGR:CHK_Histgeo_Droogmakerijen	OGC:WFS	http://geoportaal.fryslan.nl/arcgis/services/ProvinciaalGeoRegister/PGR_features/GeoDataServer/WFSServer?SERVICE=WFS&REQUEST=GetCapabilities	34bc384a-d750-4991-9e4b-00679a4e1236	 port=80): Read timed out. (read timeout=3)""	))"
PGR:RECR_Slachtemarathon	OGC:WFS	http://geoportaal.fryslan.nl/arcgis/services/ProvinciaalGeoRegister/PGR_features/GeoDataServer/WFSServer?SERVICE=WFS&REQUEST=GetCapabilities	21a8b427-7d2e-4afe-99e8-5a0d25e57efa	 port=80): Read timed out. (read timeout=3)""	))"
Omgevingsvisie Compleet	download	http://geodata2.prvgld.nl/metadata/Treeview/Catalogus_Download.html	5c1ca559-1a65-49a1-8015-f6b9b03823b8	502	Proxy Error
geluidskaartenetmaal	OGC:WFS	http://geodata.nationaalgeoregister.nl/rwsgeluidskaarten?SERVICE=WFS&REQUEST=GetCapabilities	4029c32d-8d78-475a-8184-84e4e07fcc87	404	Not Found
geluidskaartenetmaal	OGC:WMS	http://geodata.nationaalgeoregister.nl/rwsgeluidskaarten?SERVICE=WMS&REQUEST=GetCapabilities	765aabe7-062f-4b46-b155-a036b145c306	404	Not Found
	OGC:WMS	http://Server=sde; Service=sde:oracle$sde:oracle11g:geopp; User=verkeer; Version=SDE.DEFAULT?SERVICE=WMS&REQUEST=GetCapabilities	cc4e58cf-0f51-4eec-8031-225d46525bf5	0	Failed to parse: Server=sde; Service=sde:oracle$sde:oracle11g:geopp; User=verkeer; Version=SDE.DEFAULT
PGR:MILIEU_LuchtkwaliteitWegen2020	OGC:WFS	http://geoportaal.fryslan.nl/arcgis/services/ProvinciaalGeoRegister/PGR_features/GeoDataServer/WFSServer?SERVICE=WFS&REQUEST=GetCapabilities	b0e0af9a-b18d-4864-b304-024d5103b77b	 port=80): Read timed out. (read timeout=3)""	))"
Vaarwegkenmerken in Nederland IVS trajecten	download	http://www.rijkswaterstaat.nl/apps/geoservices/geodata/dmc/vaarweginformatie_nederland/geogegevens/shape	4b2e3270-bd81-4b5d-99f2-a78c1b7aa0ed	404	Not Found
-	dataset	http://\\Dattero\kgodata\Geo_Data\Metadata\metadata.gdb	f423043e-bb9c-49a8-8e5d-c91563ce3673	 gaierror(-2	' ''Name or service not known'')))"'
PGR:RECR_IJsbanen	OGC:WFS	http://geoportaal.fryslan.nl/arcgis/services/ProvinciaalGeoRegister/PGR_features/GeoDataServer/WFSServer?SERVICE=WFS&REQUEST=GetCapabilities	72d87174-4d1e-433f-a3dd-e04885699777	 port=80): Read timed out. (read timeout=3)""	))"
Waterkwaliteit - Zoutgehate - Rijkswaterstaat geotool	website	http://www.rws.nl/geotool/geotool_zoutgehalte.aspx?cookieload=true	9df0fb72-9273-4a00-9797-cb42461f6a18	 port=80): Read timed out. (read timeout=3)""	))"
Vaarwegkenmerken Nederland VTS deelsector	HTTP	http://www.rijkswaterstaat.nl/apps/geoservices/geodata/dmc/vaarweginformatie_nederland/geogegevens/shape	f51c8707-388f-4b3f-af35-4835ffb4d983	404	Not Found
Beschikbaar medio april: gemeenten2014	OGC:WMS	http://geodata.nationaalgeoregister.nl/wijkenbuurten2014/wms?SERVICE=WMS&REQUEST=GetCapabilities	0c188579-25b0-49a6-90e7-01ee40e03b6f	404	Not Found
Beschikbaar medio april: cbs_wijken_2014	OGC:WMS	http://geodata.nationaalgeoregister.nl/wijkenbuurten2014/wms?SERVICE=WMS&REQUEST=GetCapabilities	0f9550f1-ad90-4aa1-bb12-a6ad6901e868	404	Not Found
Beschikbaar medio april: gemeenten2014	OGC:WFS	http://geodata.nationaalgeoregister.nl/wijkenbuurten2014/wfs?SERVICE=WFS&REQUEST=GetCapabilities	22fe138f-027f-4d78-9f00-27b7f7171b37	404	Not Found
Beschikbaar medio april: cbs_wijken_2014	OGC:WFS	http://geodata.nationaalgeoregister.nl/wijkenbuurten2014/wfs?SERVICE=WFS&REQUEST=GetCapabilities	7ca405c6-535d-440f-b94f-4ecb2f0ec2c6	404	Not Found
Beschikbaar medio april: cbs_buurten_2014	OGC:WFS	http://geodata.nationaalgeoregister.nl/wijkenbuurten2014/wfs?SERVICE=WFS&REQUEST=GetCapabilities	c653513b-f926-496d-be50-ab62a2709536	404	Not Found
Wijk- en Buurtkaart 2014	INSPIRE Atom	http://geodata.nationaalgeoregister.nl/wijkenbuurten2013/atom/wijkenbuurten2014.xml	a4758171-d708-4785-9a34-6f46d4522bb1	404	Not Found
PGR:MILIEU_LuchtkwaliteitWegen2004	OGC:WFS	http://geoportaal.fryslan.nl/arcgis/services/ProvinciaalGeoRegister/PGR_features/GeoDataServer/WFSServer?SERVICE=WFS&REQUEST=GetCapabilities	8af369c1-4b5c-45b0-bc65-f0e40b97642b	 port=80): Read timed out. (read timeout=3)""	))"
Gebiedsschematisatie Zuidelijke Noordzee DD_j07_v01 - SIMONA - website	website	http://www.helpdeskwater.nl/onderwerpen/applicaties-modellen/water_en_ruimte/gebiedsschematisatie/schematisaties/@26884/schematisaties/?PagClsIdt=189459#PagCls_189459	836f5a28-f99b-413a-8298-b77eadec5aaf	404	Not Found
Gebiedsschematisatie Zuidelijke Noordzee - SWAN - website	website	http://www.helpdeskwater.nl/onderwerpen/applicaties-modellen/water_en_ruimte/gebiedsschematisatie/schematisaties/@26884/schematisaties/?PagClsIdt=292853#PagCls_292853	0f9cda3e-b465-4580-a5f9-afba8666ef77	404	Not Found
Kaart 3 Ambitiekaart	OGC:WMS	http://geoservices.zuid-holland.nl/arcgis/services/Landelijk_gebied/Landelijk_gebied_NBP/MapServer/WMSServer?SERVICE=WMS&REQUEST=GetCapabilities	e26b1e81-b61c-4e26-9e95-ab27a2d56d5c	400	Bad Request
PGR:WHP3_GroslijstVerdroging	OGC:WFS	http://geoportaal.fryslan.nl/arcgis/services/ProvinciaalGeoRegister/PGR_features/GeoDataServer/WFSServer?SERVICE=WFS&REQUEST=GetCapabilities	7f5647aa-817f-484d-ae28-ebbda6c6a80d	 port=80): Read timed out. (read timeout=3)""	))"
PGR:WATER_Vaarwegmarkeringen	OGC:WFS	http://geoportaal.fryslan.nl/arcgis/services/ProvinciaalGeoRegister/PGR_features/GeoDataServer/WFSServer?SERVICE=WFS&REQUEST=GetCapabilities	c9e2a905-ea6e-456a-abdf-c7de0bf91a49	 port=80): Read timed out. (read timeout=3)""	))"
PGR:CHK2_Vestingwerken	OGC:WFS	http://geoportaal.fryslan.nl/arcgis/services/ProvinciaalGeoRegister/PGR_features/GeoDataServer/WFSServer?SERVICE=WFS&REQUEST=GetCapabilities	0588aba8-6284-4773-94a3-48e9fb9a1cd6	 port=80): Read timed out. (read timeout=3)""	))"
-	dataset	http://\\provgron\Data\GeoOpslag\Projectdata\Gezondheidskaart.gdb	8bfe6240-a0e4-4811-a430-fc84da2af086	 gaierror(-2	' ''Name or service not known'')))"'
Vaarwegkenmerken in Nederland IVS punten	download	http://www.rijkswaterstaat.nl/apps/geoservices/geodata/dmc/vaarweginformatie_nederland/geogegevens/shape	9575db3f-316f-437e-8142-7d5b41c077cd	404	Not Found
-	dataset	http://Server=b_geomagazijn; Service=sde:oracle11g:b_geomagazijn; User=geo; Version=SDE.DEFAULT	122430b1-8e2b-4a9d-8dbf-a5845f6ce4dc	0	Failed to parse: Server=b_geomagazijn; Service=sde:oracle11g:b_geomagazijn; User=geo; Version=SDE.DEFAULT
PGR:CHK2_SpoorTramwegen	OGC:WFS	http://geoportaal.fryslan.nl/arcgis/services/ProvinciaalGeoRegister/PGR_features/GeoDataServer/WFSServer?SERVICE=WFS&REQUEST=GetCapabilities	fcf83833-7ae7-4b40-a5e4-3437351405d7	 port=80): Read timed out. (read timeout=3)""	))"
Omgevingsvisie Compleet	download	http://geodata2.prvgld.nl/metadata/Treeview/Catalogus_Download.html	87a57374-30b8-4992-a241-585bc9da77e2	502	Proxy Error
0	OGC:WMS	http://geoservices.provincie-utrecht.nl/arcgis/services/w01-4_zwemwater/MapServer/WMSServer?SERVICE=WMS&REQUEST=GetCapabilities	febb741f-4575-4c41-b2ce-ec24d138335a	400	Bad Request
PGR:CHK_Histgeo_VerdwenenMolens	OGC:WFS	http://geoportaal.fryslan.nl/arcgis/services/ProvinciaalGeoRegister/PGR_features/GeoDataServer/WFSServer?SERVICE=WFS&REQUEST=GetCapabilities	e6137702-3835-4ee8-9920-99f86ce62aac	 port=80): Read timed out. (read timeout=3)""	))"
Omgevingsvisie Compleet	download	http://geodata2.prvgld.nl/metadata/Treeview/Catalogus_Download.html	c8bf7fe4-6fbf-4c6c-ac40-f215807ed2f7	502	Proxy Error
Vaarwegkenmerken in Nederland recreatievaartklasse	download	http://www.rijkswaterstaat.nl/apps/geoservices/geodata/dmc/vaarweginformatie_nederland/geogegevens/shape	892e9f83-18c1-44c9-aedf-4c122f35a835	404	Not Found
PGR:CHK_OPNW_Workshop_p	OGC:WFS	http://geoportaal.fryslan.nl/arcgis/services/ProvinciaalGeoRegister/PGR_features/GeoDataServer/WFSServer?SERVICE=WFS&REQUEST=GetCapabilities	57854e02-ced6-4259-96f6-7bd93a0bb303	 port=80): Read timed out. (read timeout=3)""	))"
PGR:CHK_OPNW_Plandienst	OGC:WFS	http://geoportaal.fryslan.nl/arcgis/services/ProvinciaalGeoRegister/PGR_features/GeoDataServer/WFSServer?SERVICE=WFS&REQUEST=GetCapabilities	f2fb4d4d-9050-44a2-a9ea-6d93f88c08f6	 port=80): Read timed out. (read timeout=3)""	))"
-	OGC:WMS	http://Server=sde; Service=sde:oracle$sde:oracle11g:geopp; User=verkeer; Version=SDE.DEFAULT?SERVICE=WMS&REQUEST=GetCapabilities	eb97daf1-394d-4dbe-b0bd-c03746f7e813	0	Failed to parse: Server=sde; Service=sde:oracle$sde:oracle11g:geopp; User=verkeer; Version=SDE.DEFAULT
0	OGC:WMS	http://geo-portaal.zuid-holland.nl/arcgis/services/PGR/PGR_Masterplangebieden/MapServer/WMSServer?SERVICE=WMS&REQUEST=GetCapabilities	962c5607-4734-4d6f-858f-1ccc8205db87	404	Service Not Found or Not Started
PGR_Masterplangebieden:Masterplangebieden	OGC:WFS	http://geo-portaal.zuid-holland.nl/arcgis/services/PGR/PGR_Masterplangebieden/MapServer/WFSServer?SERVICE=WFS&REQUEST=GetCapabilities	9e9cf10d-4c74-425d-876d-2057b7906f00	404	Service Not Found or Not Started
	OGC:WMS	http://Server=sde; Service=sde:oracle$sde:oracle11g:geopp; User=verkeer; Version=SDE.DEFAULT?SERVICE=WMS&REQUEST=GetCapabilities	232dceab-60a4-4b01-b896-371c6b08d052	0	Failed to parse: Server=sde; Service=sde:oracle$sde:oracle11g:geopp; User=verkeer; Version=SDE.DEFAULT
7	OGC:WMS	http://Server=sde; Service=sde:oracle$sde:oracle11g:geopp; User=nat_land; Version=SDE.DEFAULT?SERVICE=WMS&REQUEST=GetCapabilities	305f357a-dc9f-427f-8b7c-f8847126f75a	0	Failed to parse: Server=sde; Service=sde:oracle$sde:oracle11g:geopp; User=nat_land; Version=SDE.DEFAULT
-	dataset	http://\\Dattero\kgodata\Geo_Data\Metadata\metadata.gdb	2f6a81db-9ef5-4eaa-85d9-eac4a3afd0d7	 gaierror(-2	' ''Name or service not known'')))"'
PGR:NATUUR_Zoekg_Rob_Verb	OGC:WFS	http://geoportaal.fryslan.nl/arcgis/services/ProvinciaalGeoRegister/PGR_features/GeoDataServer/WFSServer?SERVICE=WFS&REQUEST=GetCapabilities	88c77562-91a5-43a6-8320-992f8cfe5dc4	 port=80): Read timed out. (read timeout=3)""	))"
15	OGC:WMS	http://Server=sde; Service=sde:oracle$sde:oracle11g:geopp; User=milieu; Version=SDE.DEFAULT?SERVICE=WMS&REQUEST=GetCapabilities	6ac102e8-2640-4b00-937f-fd69d9cf808e	0	Failed to parse: Server=sde; Service=sde:oracle$sde:oracle11g:geopp; User=milieu; Version=SDE.DEFAULT
KNMI Data Centre	website	http://data.knmi.nl/portal/KNMI-DataCentre.html#term=tng4&dataset-name=Tng4&dataset-version=4	a3c69626-e49b-4df3-85d2-bcfe083a0bac	401	Authorization Required
wfs_s01_sociaal_economische_zaken:kantorenterreinen	OGC:WFS	http://Server=sde; Service=sde:oracle$sde:oracle11g:geopp; User=econ_zaken; Version=SDE.DEFAULT?SERVICE=WFS&REQUEST=GetCapabilities	99c2bc32-74de-40d3-84f0-c259a7004ebf	0	Failed to parse: Server=sde; Service=sde:oracle$sde:oracle11g:geopp; User=econ_zaken; Version=SDE.DEFAULT
wfs_t01_welzijn_zorg_educatie_cultuur:erfgoedparels	OGC:WFS	http://Server=sde; Service=sde:oracle$sde:oracle11g:geop; User=monumenten; Version=SDE.DEFAULT?SERVICE=WFS&REQUEST=GetCapabilities	666cde69-9487-43ac-82ea-54fb89c8b02b	0	Failed to parse: Server=sde; Service=sde:oracle$sde:oracle11g:geop; User=monumenten; Version=SDE.DEFAULT
vdbgemmaasgouw:rioolvrijverval_an	OGC:WMS	http://wioninspire.geodan.nl/geoserver/vdbgemmaasgouw/wms?SERVICE=WMS&REQUEST=GetCapabilities	f481fc7d-7f61-47c2-8727-f206dbaaeb53	503	Service Unavailable
vdbgemmaasgouw:rioolvrijverval_an	OGC:WFS	http://wioninspire.geodan.nl/geoserver/vdbgemmaasgouw/wfs?SERVICE=WFS&REQUEST=GetCapabilities	23e08149-717c-4a4a-95e1-4247c2e6d203	503	Service Unavailable
vdbgemmaasgouw:rioolvrijverval_an	OGC:WMS-1.1.1-http-get-map	http://wioninspire.geodan.nl/geoserver/vdbgemmaasgouw/wms?SERVICE=WMS&REQUEST=GetCapabilities	ec471766-27cb-4604-9845-1ef95f936212	503	Service Unavailable
vdbgemmaasgouw:rioolvrijverval_an	OGC:WMS-1.1.1-http-get-map	http://wioninspire.geodan.nl/geoserver/vdbgemmaasgouw/wms?SERVICE=WMS&REQUEST=GetCapabilities	85ef0f13-37b4-49c8-b44e-09e555f09012	503	Service Unavailable
PGR:CHK_Aardkunde_Veen_2m_minmv	OGC:WFS	http://geoportaal.fryslan.nl/arcgis/services/ProvinciaalGeoRegister/PGR_features/GeoDataServer/WFSServer?SERVICE=WFS&REQUEST=GetCapabilities	7e825e77-3165-47a3-a76a-8d7d524dc7d5	 port=80): Read timed out. (read timeout=3)""	))"
PGR:BODEM_Zandwinputten	OGC:WFS	http://geoportaal.fryslan.nl/arcgis/services/ProvinciaalGeoRegister/PGR_features/GeoDataServer/WFSServer?SERVICE=WFS&REQUEST=GetCapabilities	4c359dfb-ac98-4c69-9866-4bae4fa177fc	 port=80): Read timed out. (read timeout=3)""	))"
PGR:CHK_Aardkunde_Periodes	OGC:WFS	http://geoportaal.fryslan.nl/arcgis/services/ProvinciaalGeoRegister/PGR_features/GeoDataServer/WFSServer?SERVICE=WFS&REQUEST=GetCapabilities	7652d12f-64e4-4cb7-a79b-b62cc9267aff	 port=80): Read timed out. (read timeout=3)""	))"
Vaarwegkenmerken in Nederland bunkerstations	download	http://www.rijkswaterstaat.nl/apps/geoservices/geodata/dmc/vaarweginformatie_nederland/geogegevens/shape	7056afab-8379-4f12-a123-0885f1b80f43	404	Not Found
Vaarwegkenmerken in Nederland sluizen	download	http://www.rijkswaterstaat.nl/apps/geoservices/geodata/dmc/vaarweginformatie_nederland/geogegevens/shape	a9f05c52-2439-4390-9dad-fac08a8c1dab	404	Not Found
Omgevingsvisie Compleet	download	http://geodata2.prvgld.nl/metadata/Treeview/Catalogus_Download.html	44b42d50-9715-4277-810c-a954b56f2b62	502	Proxy Error
PGR:RECR_Zwembaden	OGC:WFS	http://geoportaal.fryslan.nl/arcgis/services/ProvinciaalGeoRegister/PGR_features/GeoDataServer/WFSServer?SERVICE=WFS&REQUEST=GetCapabilities	6557de37-aec8-401e-bcd0-2c13cb2e8c39	 port=80): Read timed out. (read timeout=3)""	))"
NL.IMRO.9926.SV1212PRS-VA01/9	OGC:WMS	http://afnemers.ruimtelijkeplannen.nl/vvvp-wms/NL.IMRO.9926.SV1212PRS-VA01?SERVICE=WMS&REQUEST=GetCapabilities	a6990221-3bb6-4bbc-98bc-9bb70ff6c603	 port=80): Read timed out. (read timeout=3)""	))"
PGR:RECR_Zeilscholen	OGC:WFS	http://geoportaal.fryslan.nl/arcgis/services/ProvinciaalGeoRegister/PGR_features/GeoDataServer/WFSServer?SERVICE=WFS&REQUEST=GetCapabilities	1bf17cf4-3b18-4a05-ac53-26dc9950684c	 port=80): Read timed out. (read timeout=3)""	))"
-	dataset	http://\\Dattero\kgodata\Geo_Data\Metadata\metadata.gdb	52797f1d-2adf-4e6e-8b2f-8940afc130b2	 gaierror(-2	' ''Name or service not known'')))"'
PGR:GRONDWATER_Kwel	OGC:WFS	http://geoportaal.fryslan.nl/arcgis/services/ProvinciaalGeoRegister/PGR_features/GeoDataServer/WFSServer?SERVICE=WFS&REQUEST=GetCapabilities	0f0a1c5b-5e0e-44f8-acec-35415bce8cc5	 port=80): Read timed out. (read timeout=3)""	))"
Gebiedsschematisatie Maas - BASELINE_WAQUA - website	website	http://www.helpdeskwater.nl/onderwerpen/applicaties-modellen/water_en_ruimte/gebiedsschematisatie/schematisaties/@26884/schematisaties/?PagClsIdt=285869#PagCls_285869	6d65ac6e-633c-42cf-8e3d-88afb960bf5c	404	Not Found
Gebiedsschematisatie Maas - SIMONA - website	website	http://www.helpdeskwater.nl/onderwerpen/applicaties-modellen/water_en_ruimte/gebiedsschematisatie/schematisaties/@26884/schematisaties/?PagClsIdt=189448#PagCls_189448	0b3fb00e-b919-4f1a-a936-f9af4bebaf76	404	Not Found
Vaarwegkenmerken in Nederland MGD	download	http://www.rijkswaterstaat.nl/apps/geoservices/geodata/dmc/vaarweginformatie_nederland/geogegevens/shape	57851954-2604-4c93-b9aa-559855926457	404	Not Found
PGR:RECR_Recreatiewoningen	OGC:WFS	http://geoportaal.fryslan.nl/arcgis/services/ProvinciaalGeoRegister/PGR_features/GeoDataServer/WFSServer?SERVICE=WFS&REQUEST=GetCapabilities	b03b28eb-04b5-44cc-8f97-cf6393d70f54	 port=80): Read timed out. (read timeout=3)""	))"
NL.IMRO.9926.SV1212PRS-VA01/10	OGC:WMS	http://afnemers.ruimtelijkeplannen.nl/vvvp-wms/NL.IMRO.9926.SV1212PRS-VA01?SERVICE=WMS&REQUEST=GetCapabilities	f36cbdbb-1eac-4d78-b6de-48258da308f7	 port=80): Read timed out. (read timeout=3)""	))"
Overzichtskaart gebieden	download	http://geoinformatie.aaenmaas.nl/PDF/WBP_2016_2021/1b_overzichtskaart_gebieden v2.pdf	cb94c4d2-ab4b-4722-a073-7856c2948b23	404	Not Found
NL.IMRO.9926.SV1212PRS-VA01/4	OGC:WMS	http://afnemers.ruimtelijkeplannen.nl/vvvp-wms/NL.IMRO.9926.SV1212PRS-VA01?SERVICE=WMS&REQUEST=GetCapabilities	71074881-3ba2-4e63-81b0-befdf5ff7639	 port=80): Read timed out. (read timeout=3)""	))"
KDC_download_service	download	http://data.knmi.nl/portal/KNMI-DataCentre.html#term=EV50WH&dataset-name=EV50WH&dataset-version=014	45d2793c-9322-4580-aeba-096a1a32eadc	401	Authorization Required
-	dataset	http://Server=b_geomagazijn; Service=sde:oracle11g:b_geomagazijn; User=geo; Version=SDE.DEFAULT	b91a3976-440e-4605-aa87-a0799ef176bc	0	Failed to parse: Server=b_geomagazijn; Service=sde:oracle11g:b_geomagazijn; User=geo; Version=SDE.DEFAULT
Kaart 5 Toeslagen vaarland en probleemgebied	OGC:WMS	http://geoservices.zuid-holland.nl/arcgis/services/Landelijk_gebied/Landelijk_gebied_NBP/MapServer/WMSServer?SERVICE=WMS&REQUEST=GetCapabilities	0f3263fd-d5be-4303-bc4f-35c711787363	400	Bad Request
PGR:CHK2_VaarwegenHistorie	OGC:WFS	http://geoportaal.fryslan.nl/arcgis/services/ProvinciaalGeoRegister/PGR_features/GeoDataServer/WFSServer?SERVICE=WFS&REQUEST=GetCapabilities	fcaa9416-9833-49f7-9848-e0913d309ae8	 port=80): Read timed out. (read timeout=3)""	))"
Gebiedsschematisatie Westerschelde - SIMONA -  website	website	http://www.helpdeskwater.nl/onderwerpen/applicaties-modellen/water_en_ruimte/gebiedsschematisatie/schematisaties/@26884/schematisaties/?PagClsIdt=189454#PagCls_189454	3fd684bb-382f-45c6-a95f-12a014cabc00	404	Not Found
Omgevingsvisie Compleet	download	http://geodata2.prvgld.nl/metadata/Treeview/Catalogus_Download.html	07a5437b-553e-4435-ad55-cb6179c56f64	502	Proxy Error
	download	http://www.rijkswaterstaat.nl/apps/geoservices/geo?????	2f3a1ab0-289c-408d-b1ba-b9c7385bd2a2	404	Not Found
10	OGC:WMS	http://Server=sde; Service=sde:oracle$sde:oracle11g:geopp; User=milieu; Version=SDE.DEFAULT?SERVICE=WMS&REQUEST=GetCapabilities	71ccf504-accf-41eb-86fe-f00a483627d6	0	Failed to parse: Server=sde; Service=sde:oracle$sde:oracle11g:geopp; User=milieu; Version=SDE.DEFAULT
Helpdesk Water - Brochure Deltamodel - website	website	http://www.helpdeskwater.nl/onderwerpen/applicaties-modellen/deltamodel/@31265/brochure-deltamodel-0	d158e05d-65a5-42ba-a841-1a2cb22d26b2	404	Not Found
OpenData1:BufferzonesVerzuringsgevoeligeGebieden	OGC:WFS	http://geoservices2.provinciegroningen.nl/arcgis/services/OpenData1/MapServer/WFSServer?SERVICE=WFS&REQUEST=GetCapabilities	23cdfacd-02a7-4285-9ac9-872069f09bbb	404	Not Found
PGR:GRONDWATER_MeetnetPeilbuizen	OGC:WFS	http://geoportaal.fryslan.nl/arcgis/services/ProvinciaalGeoRegister/PGR_features/GeoDataServer/WFSServer?SERVICE=WFS&REQUEST=GetCapabilities	02e14aa1-2b75-4ffa-ba85-8942a29103e4	 port=80): Read timed out. (read timeout=3)""	))"
72	OGC:WMS	http://Server=sde; Service=sde:oracle$sde:oracle11g:geopp; User=verkeer; Version=SDE.DEFAULT?SERVICE=WMS&REQUEST=GetCapabilities	ce36af8e-ec5b-47c5-8161-9279e4fec323	0	Failed to parse: Server=sde; Service=sde:oracle$sde:oracle11g:geopp; User=verkeer; Version=SDE.DEFAULT
Vaarwegkenmerken in Nederland bevaarbaarheidsinformatie - download	download	http://www.rijkswaterstaat.nl/apps/geoservices/geodata/dmc/vaarweginformatie_nederland/geogegevens/shape	f1e85b69-5aad-47e2-9e16-00d10d13ecab	404	Not Found
-	dataset	http://geoservices.provincie-utrecht.nl/arcgis/services/w01-2_grondwatersysteembenadering/MapServer/WMSServer	63fa81b2-e978-4dea-b220-ccc975f3934d	 port=80): Read timed out. (read timeout=3)""	))"
Gebiedsschematisatie Oosterschelde - SIMONA_SWAN - website	website	http://www.helpdeskwater.nl/onderwerpen/applicaties-modellen/water_en_ruimte/gebiedsschematisatie/schematisaties/@26884/schematisaties/?PagClsIdt=189455#PagCls_189455	bd5f0657-a73d-47ab-bb5e-8c35467a09dc	404	Not Found
PGR:RECR_BeweegbareBruggen	OGC:WFS	http://geoportaal.fryslan.nl/arcgis/services/ProvinciaalGeoRegister/PGR_features/GeoDataServer/WFSServer?SERVICE=WFS&REQUEST=GetCapabilities	4404d936-8a8b-45e3-9382-fd8b3c82421c	 port=80): Read timed out. (read timeout=3)""	))"
geluidskaartennacht	OGC:WFS	http://geodata.nationaalgeoregister.nl/rwsgeluidskaarten?SERVICE=WFS&REQUEST=GetCapabilities	c262d172-d32f-437c-b623-b3dfd36e0f1e	404	Not Found
geluidskaartennacht	OGC:WMS	http://geodata.nationaalgeoregister.nl/rwsgeluidskaarten?SERVICE=WMS&REQUEST=GetCapabilities	1790f8a4-fa10-4efd-a75a-8a971b484ea8	404	Not Found
PGR:CHK_Histgeo_NatuurlWaterlopen	OGC:WFS	http://geoportaal.fryslan.nl/arcgis/services/ProvinciaalGeoRegister/PGR_features/GeoDataServer/WFSServer?SERVICE=WFS&REQUEST=GetCapabilities	e57eaa5a-cde0-4a86-87e0-ed4372dea03d	 port=80): Read timed out. (read timeout=3)""	))"
Waterkwaliteit - Projecten_website	website	http://www.rijkswaterstaat.nl/geotool/geotool_bprw.aspx	d48af206-14d5-4850-8d1a-3dfb72359708	 port=80): Read timed out. (read timeout=3)""	))"
vdbgemmaasgouw:rioolvrijverval_ll	OGC:WMS	http://wioninspire.geodan.nl/geoserver/vdbgemmaasgouw/wms?SERVICE=WMS&REQUEST=GetCapabilities	4983d51d-611f-4a7b-a242-c1ec50abddf2	503	Service Unavailable
vdbgemmaasgouw:rioolvrijverval_ll	OGC:WFS	http://wioninspire.geodan.nl/geoserver/vdbgemmaasgouw/wfs?SERVICE=WFS&REQUEST=GetCapabilities	1611b225-d934-4a8b-b5dd-510e50fcb0a6	503	Service Unavailable
vdbgemmaasgouw:rioolvrijverval_ll	OGC:WMS-1.1.1-http-get-map	http://wioninspire.geodan.nl/geoserver/vdbgemmaasgouw/wms?SERVICE=WMS&REQUEST=GetCapabilities	fd6eb80a-cd16-45f4-8fe1-e2c3e8b67d3a	503	Service Unavailable
vdbgemmaasgouw:rioolvrijverval_ll	OGC:WMS-1.1.1-http-get-map	http://wioninspire.geodan.nl/geoserver/vdbgemmaasgouw/wms?SERVICE=WMS&REQUEST=GetCapabilities	4c10b859-d176-44cb-9034-329a5ef27d8d	503	Service Unavailable
Omgevingsvisie Compleet	download	http://geodata2.prvgld.nl/metadata/Treeview/Catalogus_Download.html	cd17611b-f744-4694-bdab-3cce9c136264	502	Proxy Error
Omgevingsvisie Compleet	download	http://geodata2.prvgld.nl/metadata/Treeview/Catalogus_Download.html	d84d00d8-e3f7-4bb1-bbc1-40485bce8fac	502	Proxy Error
PGR:RECR_NSW_Landgoederen	OGC:WFS	http://geoportaal.fryslan.nl/arcgis/services/ProvinciaalGeoRegister/PGR_features/GeoDataServer/WFSServer?SERVICE=WFS&REQUEST=GetCapabilities	11d1bb0a-a961-43a2-8d3b-232caddd3ce0	 port=80): Read timed out. (read timeout=3)""	))"
PGR:RECR_Schaats11stedentocht	OGC:WFS	http://geoportaal.fryslan.nl/arcgis/services/ProvinciaalGeoRegister/PGR_features/GeoDataServer/WFSServer?SERVICE=WFS&REQUEST=GetCapabilities	0668917e-44cb-4bbd-856f-89aa3acb6fad	 port=80): Read timed out. (read timeout=3)""	))"
PGR:RECR_Golfbanen	OGC:WFS	http://geoportaal.fryslan.nl/arcgis/services/ProvinciaalGeoRegister/PGR_features/GeoDataServer/WFSServer?SERVICE=WFS&REQUEST=GetCapabilities	35fc572e-b1cb-4f14-848f-0468abf9666c	 port=80): Read timed out. (read timeout=3)""	))"
	None	http://Server=sde; Service=sde:oracle$sde:oracle11g:geopp; User=verkeer; Version=SDE.DEFAULT	ad519ef8-b834-479b-878a-c3a558fa1ad7	0	Failed to parse: Server=sde; Service=sde:oracle$sde:oracle11g:geopp; User=verkeer; Version=SDE.DEFAULT
